id,code,description,base_price,base_discount,preferential_price,preferential_discount,price_list_id,,article_id,price,discount
1148,AA73105,"AEROSOL ACUARIO CHOCOLATE 400 ML.",35.57,0,28.5,0,15,,1148,28.5,0
1248,AA73205,"AEROSOL ACUARIO PLATINO 400 ML.",59.03,0,43,0,15,,1248,43,0
1249,AA73305,"AEROSOL ACUARIO 24 KILATES 400 ML.",59.03,0,43,0,15,,1249,43,0
1252,AA73805,"AEROSOL ACUARIO ROJO TOMATE 400 ML.",35.57,0,28.5,0,15,,1252,28.5,0
1254,AA74005,"AEROSOL ACUARIO GRIS 400 ML.",35.57,0,28.5,0,15,,1254,28.5,0
1256,AA74505,"AEROSOL ACUARIO AZUL ESPANOL 400 ML.",35.57,0,28.5,0,15,,1256,28.5,0
1258,AA74605,"AEROSOL ACUARIO ALTA TEMPERATURA NEGRO 400 ML.",53.38,0,40,0,15,,1258,40,0
1261,AA75005,"AEROSOL ACUARIO BLANCO BRILLANTE 400 ML.",35.57,0,28.5,0,15,,1261,28.5,0
1263,AA75105,"AEROSOL ACUARIO NEGRO SEMIMATE 400 ML.",35.57,0,28.5,0,15,,1263,28.5,0
1265,AA75205,"AEROSOL ACUARIO VIOLETA 400 ML.",35.57,0,28.5,0,15,,1265,28.5,0
1266,AA75305,"AEROSOL ACUARIO ROSA MEXICANO 400 ML.",35.57,0,28.5,0,15,,1266,28.5,0
1268,AA75405,"AEROSOL ACUARIO ROJO OXIDO 400 ML.",35.57,0,28.5,0,15,,1268,28.5,0
1270,AA75505,"AEROSOL ACUARIO AMARILLO FLOURESCENTE 400 ML.",36.84,0,29.5,0,15,,1270,29.5,0
1272,AA75605,"AEROSOL ACUARIO AMARILLO LIMON 400 ML.",35.57,0,28.5,0,15,,1272,28.5,0
1274,AA75705,"AEROSOL ACUARIO VERDE FLOURESCENTE 400 ML.",36.84,0,29.5,0,15,,1274,29.5,0
1276,AA75905,"AEROSOL ACUARIO PRIMER GRIS 400 ML.",35.57,0,28.5,0,15,,1276,28.5,0
1278,AA76005,"AEROSOL ACUARIO GRIS ACERO 400 ML.",35.57,0,28.5,0,15,,1278,28.5,0
1280,AA76105,"AEROSOL ACUARIO AMARILLO CATERPILAR 400 ML.",35.57,0,28.5,0,15,,1280,28.5,0
1282,AA76205,"AEROSOL ACUARIO CREMA 400 ML.",35.57,0,28.5,0,15,,1282,28.5,0
1284,AA76305,"AEROSOL ACUARIO NARANJA FLOURESCENTE 400 ML.",36.84,0,29.5,0,15,,1284,29.5,0
1286,AA76405,"AEROSOL ACUARIO NARANJA 400 ML.",35.57,0,28.5,0,15,,1286,28.5,0
1288,AA76505,"AEROSOL ACUARIO ROSA FLOURESCENTE 400 ML.",36.84,0,29.5,0,15,,1288,29.5,0
1290,AA77005,"AEROSOL ACUARIO AZUL CIELO 400 ML.",35.57,0,28.5,0,15,,1290,28.5,0
1292,AA77105,"AEROSOL ACUARIO AZUL FORD 400 ML.",35.57,0,28.5,0,15,,1292,28.5,0
1294,AA77205,"AEROSOL ACUARIO VERDE ECOLOGICO 400 ML.",35.57,0,28.5,0,15,,1294,28.5,0
1296,AA77405,"AEROSOL ACUARIO ULTRA ROJO METALICO 400 ML.",35.57,0,28.5,0,15,,1296,28.5,0
1298,AA77505,"AEROSOL ACUARIO CAFE 400 ML.",35.57,0,28.5,0,15,,1298,28.5,0
1300,AA77605,"AEROSOL ACUARIO BERMELLON 400 ML.",35.57,0,28.5,0,15,,1300,28.5,0
1302,AA77705,"AEROSOL ACUARIO ROJO METALICO 400 ML.",35.57,0,28.5,0,15,,1302,28.5,0
1303,AA77805,"AEROSOL ACUARIO AMARILLO CROMO 400 ML.",35.57,0,28.5,0,15,,1303,28.5,0
1305,AA77905,"AEROSOL ACUARIO AZUL METALICO 400 ML.",35.57,0,28.5,0,15,,1305,28.5,0
1308,AA78105,"AEROSOL ACUARIO VERDE METALICO 400 ML.",35.57,0,28.5,0,15,,1308,28.5,0
1310,AA78205,"AEROSOL ACUARIO AZUL REY 400 ML.",35.57,0,28.5,0,15,,1310,28.5,0
1312,AA78305,"AEROSOL ACUARIO COBRE 400 ML.",53.38,0,40,0,15,,1312,40,0
1314,AA78405,"AEROSOL ACUARIO ALUMINIO 400 ML.",35.57,0,28.5,0,15,,1314,28.5,0
1316,AA78605,"AEROSOL ACUARIO ORO RICO METALICO 400 ML.",53.38,0,40,0,15,,1316,40,0
1319,AA78805,"AEROSOL ACUARIO VERDE BOSQUE 400 ML.",35.57,0,28.5,0,15,,1319,28.5,0
1322,AA79105,"AEROSOL ACUARIO AZUL ACUARIO 400 ML.",35.57,0,28.5,0,15,,1322,28.5,0
1324,AA79205,"AEROSOL ACUARIO TIPO CROMO 400 ML.",53.38,0,40,0,15,,1324,40,0
1326,AA79305,"AEROSOL ACUARIO ORO PALIDO 400 ML.",53.38,0,40,0,15,,1326,40,0
1328,AA79405,"AEROSOL ACUARIO NEGRO METALICO 400 ML.",35.57,0,28.5,0,15,,1328,28.5,0
1330,AA79605,"AEROSOL ACUARIO BLANCO MATE 400 ML.",35.57,0,28.5,0,15,,1330,28.5,0
1332,AA79705,"AEROSOL ACUARIO NEGRO MATE 400 ML.",35.57,0,28.5,0,15,,1332,28.5,0
1334,AA79805,"AEROSOL ACUARIO TRANSPARENTE 400 ML.",35.57,0,28.5,0,15,,1334,28.5,0
1336,AA79905,"AEROSOL ACUARIO NEGRO BRILLANTE 400 ML.",35.57,0,28.5,0,15,,1336,28.5,0
21242,CA93010,"COLOR PARA CEMENTO NEGRO 1 kg.",29.52,0,29.15,0,15,,21242,29.15,0
21344,CA93110,"COLOR PARA CEMENTO CANELA 1 kg.",29.52,0,29.15,0,15,,21344,29.15,0
21345,CA93210,"COLOR PARA CEMENTO AMARILLO OXIDO 1 KG.",29.52,0,29.15,0,15,,21345,29.15,0
21346,CA93310,"COLOR PARA CEMENTO ROJO OXIDO 1 kg.",29.52,0,29.15,0,15,,21346,29.15,0
21348,CA93410,"COLOR PARA CEMENTO AZUL ACUARIO 1 kg.",37.8,0,37.33,0,15,,21348,37.33,0
21349,CA93510,"COLOR PARA CEMENTO AZUL ULTRAMAR 1 kg.",115.18,0,113.23,0,15,,21349,113.23,0
21350,CA93610,"COLOR PARA CEMENTO TURQUESA 1 KG.",56.64,0,55.93,0,15,,21350,55.93,0
21351,CA93710,"COLOR PARA CEMENTO AMARILLO CONCENTRADO 1 kg.",56.64,0,29.15,0,15,,21351,29.15,0
21353,CA93810,"COLOR PARA CEMENTO ROJO GRANADA 1 kg.",71.1,0,70.21,0,15,,21353,70.21,0
21642,EA30002,"ESMALTE 300 BLANCO 250 ML.",43.08,0,40.81,0,15,,21642,40.81,0
21643,EA30005,"ESMALTE 300 BLANCO 500 ML.",68.96,0,65.3,0,15,,21643,65.3,0
1677,EA30010,"ESMALTE INDUSTRIAL 300 BLANCO 1 L.",125.22,0,118.6,0,15,,1677,118.6,0
21644,EA30040,"ESMALTE 300 BLANCO 4 L.",450.16,0,426.34,0,15,,21644,426.34,0
21646,EA30090,"ESMALTE 300 BLANCO 19 L.",1977.05,0,1872.42,0,15,,21646,1872.42,0
21652,EA30102,"ESMALTE 300 NEGRO 250 ML.",43.08,0,40.81,0,15,,21652,40.81,0
21653,EA30105,"ESMALTE 300 NEGRO 500 ML.",68.96,0,65.3,0,15,,21653,65.3,0
1679,EA30110,"ESMALTE 300 NEGRO 1 L.",125.22,0,118.6,0,15,,1679,118.6,0
21654,EA30140,"ESMALTE 300 NEGRO 4 L.",450.16,0,426.34,0,15,,21654,426.34,0
21656,EA30190,"ESMALTE 300 NEGRO 19 L.",1977.05,0,1872.42,0,15,,21656,1872.42,0
21659,EA30202,"ESMALTE 300 GRIS 250 ML.",43.08,0,40.81,0,15,,21659,40.81,0
21660,EA30205,"ESMALTE 300 GRIS 500 ML.",68.96,0,65.3,0,15,,21660,65.3,0
1681,EA30210,"ESMALTE 300 GRIS 1 L.",125.22,0,118.6,0,15,,1681,118.6,0
21661,EA30240,"ESMALTE 300 GRIS 4 L.",450.16,0,426.34,0,15,,21661,426.34,0
21663,EA30290,"ESMALTE 300 GRIS 19 L.",1977.05,0,1872.42,0,15,,21663,1872.42,0
21670,EA30302,"ESMALTE 300 AZUL FUERTE 250 ML.",43.08,0,40.81,0,15,,21670,40.81,0
21671,EA30305,"ESMALTE 300 AZUL FUERTE 500 ML.",68.96,0,65.3,0,15,,21671,65.3,0
1683,EA30310,"ESMALTE 300 AZUL FUERTE 1 L.",125.22,0,118.6,0,15,,1683,118.6,0
21672,EA30340,"ESMALTE 300 AZUL FUERTE 4 L.",450.16,0,426.34,0,15,,21672,426.34,0
21674,EA30390,"ESMALTE 300 AZUL FUERTE 19 L.",1812.33,0,1872.42,0,15,,21674,1872.42,0
21679,EA30402,"ESMALTE 300 ROJO OXIDO 250 ML.",43.08,0,40.81,0,15,,21679,40.81,0
21680,EA30405,"ESMALTE 300 ROJO OXIDO 500 ML.",68.96,0,65.3,0,15,,21680,65.3,0
1685,EA30410,"ESMALTE 300 ROJO OXIDO 1 L.",125.22,0,118.6,0,15,,1685,118.6,0
21681,EA30440,"ESMALTE 300 ROJO OXIDO 4 L.",450.16,0,426.34,0,15,,21681,426.34,0
21682,EA30490,"ESMALTE 300 ROJO OXIDO 19 L.",1977.05,0,1872.42,0,15,,21682,1872.42,0
21684,EA30602,"ESMALTE 300 AMARILLO CROMO 250 ML.",43.08,0,40.81,0,15,,21684,40.81,0
21685,EA30605,"ESMALTE 300 AMARILLO CROMO 500 ML.",68.96,0,65.3,0,15,,21685,65.3,0
1687,EA30610,"ESMALTE 300 AMARILLO CROMO 1 L.",125.22,0,118.6,0,15,,1687,118.6,0
21686,EA30640,"ESMALTE 300 AMARILLO CROMO 4 L.",450.16,0,426.34,0,15,,21686,426.34,0
21687,EA30690,"ESMALTE 300 AMARILLO CROMO 19 L.",1977.05,0,1872.42,0,15,,21687,1872.42,0
21690,EA30702,"ESMALTE 300 TURQUESA 250 ML.",43.08,0,40.81,0,15,,21690,40.81,0
21691,EA30705,"ESMALTE 300 TURQUESA 500 ML.",68.96,0,65.3,0,15,,21691,65.3,0
1689,EA30710,"ESMALTE 300 TURQUESA 1 L.",125.22,0,118.6,0,15,,1689,118.6,0
21692,EA30740,"ESMALTE 300 TURQUESA 4 L.",450.16,0,426.34,0,15,,21692,426.34,0
21693,EA30790,"ESMALTE 300 TURQUESA 19 L.",1977.05,0,1872.42,0,15,,21693,1872.42,0
21694,EA30802,"ESMALTE 300 ROJO 250 ML.",43.08,0,40.81,0,15,,21694,40.81,0
21695,EA30805,"ESMALTE 300 ROJO 500 ML.",68.96,0,65.3,0,15,,21695,65.3,0
1691,EA30810,"ESMALTE 300 ROJO 1 L.",125.22,0,118.6,0,15,,1691,118.6,0
21696,EA30840,"ESMALTE 300 ROJO 4 L.",450.16,0,426.34,0,15,,21696,426.34,0
21698,EA30890,"ESMALTE 300 ROJO 19 L.",1977.05,0,1872.42,0,15,,21698,1872.42,0
21704,EA31002,"ESMALTE 300 NARANJA 250 ML.",43.08,0,40.81,0,15,,21704,40.81,0
21705,EA31005,"ESMALTE 300 NARANJA 500 ML.",68.96,0,65.3,0,15,,21705,65.3,0
1693,EA31010,"ESMALTE 300 NARANJA 1 L.",125.22,0,118.6,0,15,,1693,118.6,0
21706,EA31040,"ESMALTE 300 NARANJA 4 L.",450.16,0,426.34,0,15,,21706,426.34,0
21707,EA31090,"ESMALTE 300 NARANJA 19 L.",1977.05,0,1872.42,0,15,,21707,1872.42,0
21710,EA31202,"ESMALTE 300 AMARILLO LIMON 250 ML.",43.08,0,40.81,0,15,,21710,40.81,0
21711,EA31205,"ESMALTE 300 AMARILLO LIMON 500 ML.",68.96,0,65.3,0,15,,21711,65.3,0
1694,EA31210,"ESMALTE 300 AMARILLO LIMON 1 L.",125.22,0,118.6,0,15,,1694,118.6,0
21712,EA31240,"ESMALTE 300 AMARILLO LIMON 4 L.",450.16,0,426.34,0,15,,21712,426.34,0
21714,EA31290,"ESMALTE 300 AMARILLO LIMON 19 L.",1977.05,0,1766.45,0,15,,21714,1766.45,0
21716,EA31302,"ESMALTE 300 VERDE BOSQUE 250 ML.",43.08,0,40.81,0,15,,21716,40.81,0
21717,EA31305,"ESMALTE 300 VERDE BOSQUE 500 ML.",68.96,0,65.3,0,15,,21717,65.3,0
1695,EA31310,"ESMALTE 300 VERDE BOSQUE 1 L.",125.22,0,118.6,0,15,,1695,118.6,0
21718,EA31340,"ESMALTE 300 VERDE BOSQUE 4 L.",450.16,0,426.34,0,15,,21718,426.34,0
21720,EA31390,"ESMALTE 300 VERDE BOSQUE 19 L.",1977.05,0,1872.42,0,15,,21720,1872.42,0
21722,EA31402,"ESMALTE 300 ALUMINIO 250 ML.",43.08,0,40.81,0,15,,21722,40.81,0
21723,EA31405,"ESMALTE 300 ALUMINIO 500 ML.",68.96,0,65.3,0,15,,21723,65.3,0
1696,EA31410,"ESMALTE 300 ALUMINIO 1 L.",125.22,0,118.6,0,15,,1696,118.6,0
21724,EA31440,"ESMALTE 300 ALUMINIO 4 L.",450.16,0,426.34,0,15,,21724,426.34,0
21725,EA31490,"ESMALTE 300 ALUMINIO 19 L.",1977.05,0,1872.42,0,15,,21725,1872.42,0
21726,EA31502,"ESMALTE 300 AMARILLO OCRE 250 ML.",43.08,0,40.81,0,15,,21726,40.81,0
21727,EA31505,"ESMALTE 300 AMARILLO OCRE 500 ML.",68.96,0,65.3,0,15,,21727,65.3,0
1697,EA31510,"ESMALTE 300 AMARILLO OCRE 1 L.",125.22,0,118.6,0,15,,1697,118.6,0
21728,EA31540,"ESMALTE 300 AMARILLO OCRE 4 L.",450.16,0,426.34,0,15,,21728,426.34,0
21730,EA31590,"ESMALTE 300 AMARILLO OCRE 19 L.",1977.05,0,1872.42,0,15,,21730,1872.42,0
21732,EA31702,"ESMALTE 300 MARFIL 250 ML.",43.08,0,40.81,0,15,,21732,40.81,0
21733,EA31705,"ESMALTE 300 MARFIL 500 ML.",68.96,0,65.3,0,15,,21733,65.3,0
1699,EA31710,"ESMALTE 300 MARFIL 1 L.",125.22,0,118.6,0,15,,1699,118.6,0
21734,EA31740,"ESMALTE 300 MARFIL 4 L.",450.16,0,426.34,0,15,,21734,426.34,0
21736,EA31790,"ESMALTE 300 MARFIL 19 L.",1977.05,0,1872.42,0,15,,21736,1872.42,0
21738,EA31802,"ESMALTE 300 CREMA 250 ML.",43.08,0,40.81,0,15,,21738,40.81,0
21739,EA31805,"ESMALTE 300 CREMA 500 ML.",68.96,0,65.3,0,15,,21739,65.3,0
1701,EA31810,"ESMALTE 300 CREMA 1 L.",125.22,0,118.6,0,15,,1701,118.6,0
21740,EA31840,"ESMALTE 300 CREMA 4 L.",450.16,0,426.34,0,15,,21740,426.34,0
21741,EA31890,"ESMALTE 300 CREMA 19 L.",1977.05,0,1872.42,0,15,,21741,1872.42,0
21743,EA31902,"ESMALTE 300 CASTANO 250 ML.",43.08,0,40.81,0,15,,21743,40.81,0
21744,EA31905,"ESMALTE 300 CASTANO 500 ML.",68.96,0,65.3,0,15,,21744,65.3,0
1702,EA31910,"ESMALTE 300 CASTANO 1 L.",125.22,0,118.6,0,15,,1702,118.6,0
21745,EA31940,"ESMALTE 300 CASTANO 4 L.",450.16,0,426.34,0,15,,21745,426.34,0
21746,EA31990,"ESMALTE 300 CASTANO 19 L.",1977.05,0,1872.42,0,15,,21746,1872.42,0
21750,EA32002,"ESMALTE 300 AZUL CIELO 250 ML.",43.08,0,40.81,0,15,,21750,40.81,0
21751,EA32005,"ESMALTE 300 AZUL CIELO 500 ML.",68.96,0,65.3,0,15,,21751,65.3,0
1703,EA32010,"ESMALTE 300 AZUL CIELO 1 L.",125.22,0,118.6,0,15,,1703,118.6,0
21752,EA32040,"ESMALTE 300 AZUL CIELO 4 L.",450.16,0,426.34,0,15,,21752,426.34,0
21753,EA32090,"ESMALTE 300 AZUL CIELO 19 L.",1977.05,0,1872.42,0,15,,21753,1872.42,0
21755,EA32102,"ESMALTE 300 BLANCO MATE 250 ML.",43.08,0,40.81,0,15,,21755,40.81,0
21756,EA32105,"ESMALTE 300 BLANCO MATE 500 ML.",68.96,0,65.3,0,15,,21756,65.3,0
1705,EA32110,"ESMALTE 300 BLANCO MATE 1 L.",125.22,0,118.6,0,15,,1705,118.6,0
21017,EA32140,"ESMALTE 300 BLANCO MATE 4 L.",450.16,0,426.34,0,15,,21017,426.34,0
21758,EA32190,"ESMALTE 300 BLANCO MATE 19 L.",1977.05,0,1872.42,0,15,,21758,1872.42,0
21760,EA32202,"ESMALTE 300 NEGRO MATE 250 ML.",43.08,0,40.81,0,15,,21760,40.81,0
21761,EA32205,"ESMALTE 300 NEGRO MATE 500 ML.",68.96,0,65.3,0,15,,21761,65.3,0
1707,EA32210,"ESMALTE 300 NEGRO MATE 1 L.",125.22,0,118.6,0,15,,1707,118.6,0
21762,EA32240,"ESMALTE 300 NEGRO MATE 4 L.",450.16,0,426.34,0,15,,21762,426.34,0
21764,EA32290,"ESMALTE 300 NEGRO MATE 19 L.",1977.05,0,1872.42,0,15,,21764,1872.42,0
21768,EA32402,"ESMALTE 300 GRIS PERLA 250 ML.",43.08,0,40.81,0,15,,21768,40.81,0
21769,EA32405,"ESMALTE 300 GRIS PERLA 500 ML.",68.96,0,65.3,0,15,,21769,65.3,0
1709,EA32410,"ESMALTE 300 GRIS PERLA 1 L.",125.22,0,118.6,0,15,,1709,118.6,0
21770,EA32440,"ESMALTE 300 GRIS PERLA 4 L.",450.16,0,426.34,0,15,,21770,426.34,0
21772,EA32490,"ESMALTE 300 GRIS PERLA 19 L.",1977.05,0,1872.42,0,15,,21772,1872.42,0
21776,EA32602,"ESMALTE 300 SALMON 250 ML.",43.08,0,40.81,0,15,,21776,40.81,0
21777,EA32605,"ESMALTE 300 SALMON 500 ML.",68.96,0,65.3,0,15,,21777,65.3,0
1710,EA32610,"ESMALTE 300 SALMON 1 L.",125.22,0,118.6,0,15,,1710,118.6,0
21778,EA32640,"ESMALTE 300 SALMON 4 L.",450.16,0,426.34,0,15,,21778,426.34,0
21779,EA32690,"ESMALTE 300 SALMON 19 L.",1977.05,0,1872.42,0,15,,21779,1872.42,0
21781,EA32802,"ESMALTE 300 AZUL HOLANDES 250 ML.",43.08,0,40.81,0,15,,21781,40.81,0
21783,EA32890,"ESMALTE 300 AZUL HOLANDES 19 L.",1977.05,0,1872.42,0,15,,21783,1872.42,0
1711,EA33110,"ESMALTE 300 BASE PASTEL 1 L.",122.7,0,116.21,0,15,,1711,116.21,0
21786,EA33140,"ESMALTE 300 BASE PASTEL 4 L.",440.08,0,416.79,0,15,,21786,416.79,0
21787,EA33190,"ESMALTE 300 BASE PASTEL 19 L.",1929.17,0,1827.08,0,15,,21787,1827.08,0
1712,EA33210,"ESMALTE 300 BASE TINT 1 L.",118.8,0,112.52,0,15,,1712,112.52,0
21789,EA33240,"ESMALTE 300 BASE TINT 4 L.",424.48,0,402.02,0,15,,21789,402.02,0
21790,EA33290,"ESMALTE 300 BASE TINT 19 L.",1855.07,0,1756.91,0,15,,21790,1756.91,0
1713,EA33310,"ESMALTE 300 BASE DEEP 1 L.",114.76,0,108.69,0,15,,1713,108.69,0
21791,EA33340,"ESMALTE 300 BASE DEEP 4 L.",408.3,0,386.7,0,15,,21791,386.7,0
21792,EA33390,"ESMALTE 300 BASE DEEP 19 L.",1778.24,0,1684.14,0,15,,21792,1684.14,0
1714,EA33410,"ESMALTE 300 BASE ACCENT 1 L.",89.7,0,84.95,0,15,,1714,84.95,0
21793,EA33440,"ESMALTE 300 BASE ACCENT 4 L.",308.08,0,291.78,0,15,,21793,291.78,0
21794,EA33490,"ESMALTE 300 BASE ACCENT 19 L.",1302.18,0,1233.27,0,15,,21794,1233.27,0
21796,EA33902,"ESMALTE 300 ROSA ACUARIO 250 ML.",43.08,0,40.81,0,15,,21796,40.81,0
21797,EA33905,"ESMALTE 300 ROSA ACUARIO 500 ML.",68.96,0,65.3,0,15,,21797,65.3,0
1715,EA33910,"ESMALTE 300 ROSA ACUARIO 1 L.",125.22,0,118.6,0,15,,1715,118.6,0
21798,EA33940,"ESMALTE 300 ROSA ACUARIO 4 L.",450.16,0,426.34,0,15,,21798,426.34,0
21801,EA34002,"ESMALTE 300 AZUL ACUARIO 250 ML.",43.08,0,40.81,0,15,,21801,40.81,0
21802,EA34005,"ESMALTE 300 AZUL ACUARIO 500 ML.",68.96,0,65.3,0,15,,21802,65.3,0
1716,EA34010,"ESMALTE 300 AZUL ACUARIO 1 L.",125.22,0,118.6,0,15,,1716,118.6,0
21803,EA34040,"ESMALTE 300 AZUL ACUARIO 4 L.",450.16,0,426.34,0,15,,21803,426.34,0
21805,EA34090,"ESMALTE 300 AZUL ACUARIO 19 L.",1977.05,0,1872.42,0,15,,21805,1872.42,0
21807,EA34102,"ESMALTE 300 VERDE ACUARIO 250 ML.",43.08,0,40.81,0,15,,21807,40.81,0
21808,EA34105,"ESMALTE 300 VERDE ACUARIO 500 ML.",68.96,0,65.3,0,15,,21808,65.3,0
1717,EA34110,"ESMALTE 300 VERDE ACUARIO 1 L.",125.22,0,118.6,0,15,,1717,118.6,0
21809,EA34140,"ESMALTE 300 VERDE ACUARIO 4 L.",450.16,0,426.34,0,15,,21809,426.34,0
21018,EA34190,"ESMALTE 300 VERDE ACUARIO 19 L.",1977.05,0,1872.42,0,15,,21018,1872.42,0
21813,EA34202,"ESMALTE 300 NARANJA ACUARIO 250 ML.",43.08,0,40.81,0,15,,21813,40.81,0
21814,EA34205,"ESMALTE 300 NARANJA ACUARIO 500 ML.",68.96,0,65.3,0,15,,21814,65.3,0
1719,EA34210,"ESMALTE 300 NARANJA ACUARIO 1 L.",125.22,0,118.6,0,15,,1719,118.6,0
21815,EA34240,"ESMALTE 300 NARANJA ACUARIO 4 L.",450.16,0,426.34,0,15,,21815,426.34,0
21817,EA34290,"ESMALTE 300 NARANJA ACUARIO 19 L.",1977.05,0,1872.42,0,15,,21817,1872.42,0
21819,EA34302,"ESMALTE 300 ORO 250 ML.",66.35,0,62.83,0,15,,21819,62.83,0
21820,EA34305,"ESMALTE 300 ORO 500 ML.",101.48,0,96.11,0,15,,21820,96.11,0
1720,EA34310,"ESMALTE 300 ORO 1 L.",185.4,0,175.59,0,15,,1720,175.59,0
21821,EA34340,"ESMALTE 300 ORO 4 L.",683.07,0,646.93,0,15,,21821,646.93,0
21822,EA34390,"ESMALTE 300 ORO 19 L.",3025.02,0,2864.94,0,15,,21822,2864.94,0
21823,EA34402,"ESMALTE 300 MARRON 250 ML.",43.08,0,40.81,0,15,,21823,40.81,0
21824,EA34405,"ESMALTE 300 MARRON 500 ML.",68.96,0,65.3,0,15,,21824,65.3,0
1721,EA34410,"ESMALTE 300 MARRON 1 L.",125.22,0,118.6,0,15,,1721,118.6,0
21825,EA34440,"ESMALTE 300 MARRON 4 L.",450.16,0,426.34,0,15,,21825,426.34,0
21826,EA34490,"ESMALTE 300 MARRON 19 L.",1977.05,0,1872.42,0,15,,21826,1872.42,0
21828,EA34502,"ESMALTE 300 YERBABUENA 250 ML.",43.08,0,40.81,0,15,,21828,40.81,0
21829,EA34505,"ESMALTE 300 YERBABUENA 500 ML.",68.96,0,65.3,0,15,,21829,65.3,0
1723,EA34510,"ESMALTE 300 YERBABUENA 1 L.",125.22,0,118.6,0,15,,1723,118.6,0
21830,EA34540,"ESMALTE 300 YERBABUENA 4 L.",450.16,0,426.34,0,15,,21830,426.34,0
21831,EA34590,"ESMALTE 300 YERBABUENA 19 L.",1977.05,0,1872.42,0,15,,21831,1872.42,0
21833,EA34602,"ESMALTE 300 VERDE BANDERA 250 ML.",43.08,0,40.81,0,15,,21833,40.81,0
21834,EA34605,"ESMALTE 300 VERDE BANDERA 500 ML.",68.96,0,65.3,0,15,,21834,65.3,0
1725,EA34610,"ESMALTE 300 VERDE BANDERA 1 L.",125.22,0,118.6,0,15,,1725,118.6,0
21835,EA34640,"ESMALTE 300 VERDE BANDERA 4 L.",450.16,0,426.34,0,15,,21835,426.34,0
21836,EA34690,"ESMALTE 300 VERDE BANDERA 19 L.",1977.05,0,1872.42,0,15,,21836,1872.42,0
21839,EA34702,"ESMALTE 300 COBRE 250 ML.",66.35,0,62.83,0,15,,21839,62.83,0
21840,EA34705,"ESMALTE 300 COBRE 500 ML.",101.48,0,96.11,0,15,,21840,96.11,0
1727,EA34710,"ESMALTE 300 COBRE 1 L.",185.4,0,175.59,0,15,,1727,175.59,0
21841,EA34740,"ESMALTE 300 COBRE 4 L.",683.07,0,646.93,0,15,,21841,646.93,0
21842,EA34790,"ESMALTE 300 COBRE 19 L.",3025.02,0,2864.94,0,15,,21842,2864.94,0
21843,EA34802,"ESMALTE 300 BLANCO HUESO 250 ML.",43.08,0,40.81,0,15,,21843,40.81,0
21844,EA34805,"ESMALTE 300 BLANCO HUESO 500 ML.",68.96,0,65.3,0,15,,21844,65.3,0
1728,EA34810,"ESMALTE 300 BLANCO HUESO 1 L.",125.22,0,118.6,0,15,,1728,118.6,0
21845,EA34840,"ESMALTE 300 BLANCO HUESO 4 L.",450.16,0,426.34,0,15,,21845,426.34,0
21847,EA34890,"ESMALTE 300 BLANCO HUESO 19 L.",1977.05,0,1872.42,0,15,,21847,1872.42,0
21849,EA34902,"ESMALTE 300 CHOCOLATE 250 ML.",43.08,0,40.81,0,15,,21849,40.81,0
21850,EA34905,"ESMALTE 300 CHOCOLATE 500 ML.",68.96,0,65.3,0,15,,21850,65.3,0
1729,EA34910,"ESMALTE 300 CHOCOLATE 1 L.",125.22,0,118.6,0,15,,1729,118.6,0
21851,EA34940,"ESMALTE 300 CHOCOLATE 4 L.",450.16,0,426.34,0,15,,21851,426.34,0
21853,EA34990,"ESMALTE 300 CHOCOLATE 19 L.",1977.05,0,1872.42,0,15,,21853,1872.42,0
21854,EA35002,"ESMALTE 300 AZUL INTENSO 250 ML.",43.08,0,40.81,0,15,,21854,40.81,0
21855,EA35005,"ESMALTE 300 AZUL INTENSO 500 ML.",68.96,0,65.3,0,15,,21855,65.3,0
1730,EA35010,"ESMALTE 300 AZUL INTENSO 1 L.",125.22,0,118.6,0,15,,1730,118.6,0
21856,EA35040,"ESMALTE 300 AZUL INTENSO 4 L.",450.16,0,426.34,0,15,,21856,426.34,0
21858,EA35090,"ESMALTE 300 AZUL INTENSO 19 L.",1977.05,0,1872.42,0,15,,21858,1872.42,0
21860,EA39502,"ESMALTE 300 DURANODICK T 795 250 ML.",43.08,0,40.81,0,15,,21860,40.81,0
21861,EA39505,"ESMALTE 300 DURANODICK T 795 500 ML.",68.96,0,65.3,0,15,,21861,65.3,0
1732,EA39510,"ESMALTE 300 DURANODICK T 795 1 L.",125.22,0,118.6,0,15,,1732,118.6,0
21019,EA39540,"ESMALTE 300 DURANODICK T 795 4 L.",450.16,0,426.34,0,15,,21019,426.34,0
21863,EA39590,"ESMALTE 300 DURANODICK T 795 19 L.",1977.05,0,1766.45,0,15,,21863,1766.45,0
21864,EA3994001,"ESMALTE 300 VERDE FACHADA ACUARIO 4 L.",486.62,0,434.78,0,15,,21864,434.78,0
21866,EA3999001,"ESMALTE 300 VERDE FACHADA ACUARIO 19 L.",2273.96,0,1872.42,0,15,,21866,1872.42,0
1733,EB59910,"ESMALTE BRIL FAST TRANSPARENTE 1 L.",117.6,0,113.48,0,15,,1733,113.48,0
21870,EB59940,"ESMALTE BRIL FAST TRANSPARENTE 4 L.",432.43,0,417.27,0,15,,21870,417.27,0
21872,EB59990,"ESMALTE BRIL FAST TRANSPARENTE 19 L.",1909.12,0,1842.21,0,15,,21872,1842.21,0
1735,EB60010,"ESMALTE BRIL FAST BLANCO 1 L.",117.6,0,113.48,0,15,,1735,113.48,0
21873,EB60040,"ESMALTE BRIL FAST BLANCO 4 L.",432.43,0,417.27,0,15,,21873,417.27,0
21875,EB60090,"ESMALTE BRIL FAST BLANCO 19 L.",1909.12,0,1842.21,0,15,,21875,1842.21,0
1737,EB60110,"ESMALTE BRIL FAST NEGRO 1 L.",117.6,0,113.48,0,15,,1737,113.48,0
21882,EB60140,"ESMALTE BRIL FAST NEGRO 4 L.",432.43,0,417.27,0,15,,21882,417.27,0
21884,EB60190,"ESMALTE BRIL FAST NEGRO 19 L.",1909.12,0,1842.21,0,15,,21884,1842.21,0
1738,EB60210,"ESMALTE BRIL FAST GRIS MAQUINARIA 1 L.",117.6,0,113.48,0,15,,1738,113.48,0
21888,EB60240,"ESMALTE BRIL FAST GRIS MAQUINARIA 4 L.",432.43,0,417.27,0,15,,21888,417.27,0
21890,EB60290,"ESMALTE BRIL FAST GRIS MAQUINARIA 19 L.",1909.12,0,1842.21,0,15,,21890,1842.21,0
1739,EB60310,"ESMALTE BRIL FAST AZUL FTALO 1 L.",117.6,0,113.48,0,15,,1739,113.48,0
21895,EB60340,"ESMALTE BRIL FAST AZUL FTALO 4 L.",432.43,0,417.27,0,15,,21895,417.27,0
21897,EB60390,"ESMALTE BRIL FAST AZUL FTALO 19 L.",1909.12,0,1842.21,0,15,,21897,1842.21,0
1741,EB60410,"ESMALTE BRIL FAST ROJO OXIDO 1 L.",117.6,0,113.48,0,15,,1741,113.48,0
21899,EB60440,"ESMALTE BRIL FAST ROJO OXIDO 4 L.",432.43,0,417.27,0,15,,21899,417.27,0
21901,EB60490,"ESMALTE BRIL FAST ROJO OXIDO 19 L.",1909.12,0,1842.21,0,15,,21901,1842.21,0
1742,EB60610,"ESMALTE BRIL FAST AMARILLO CROMO 1 L.",117.6,0,113.48,0,15,,1742,113.48,0
21902,EB60640,"ESMALTE BRIL FAST AMARILLO CROMO 4 L.",432.43,0,417.27,0,15,,21902,417.27,0
21904,EB60690,"ESMALTE BRIL FAST AMARILLO CROMO 19 L.",1909.12,0,1842.21,0,15,,21904,1842.21,0
1744,EB60810,"ESMALTE BRIL FAST ROJO BERMELLON 1 L.",117.6,0,113.48,0,15,,1744,113.48,0
21908,EB60840,"ESMALTE BRIL FAST ROJO BERMELLON 4 L.",432.43,0,417.27,0,15,,21908,417.27,0
21910,EB60890,"ESMALTE BRIL FAST ROJO BERMELLON 19 L.",1909.12,0,1842.21,0,15,,21910,1842.21,0
1746,EB61010,"ESMALTE BRIL FAST NARANJA 1 L.",117.6,0,113.48,0,15,,1746,113.48,0
21913,EB61040,"ESMALTE BRIL FAST NARANJA 4 L.",432.43,0,417.27,0,15,,21913,417.27,0
21915,EB61090,"ESMALTE BRIL FAST NARANJA 19 L.",1909.12,0,1842.21,0,15,,21915,1842.21,0
1748,EB61210,"ESMALTE BRIL FAST AMARILLO LIMON 1 L.",117.6,0,113.48,0,15,,1748,113.48,0
21918,EB61240,"ESMALTE BRIL FAST AMARILLO LIMON 4 L.",432.43,0,417.27,0,15,,21918,417.27,0
21920,EB61290,"ESMALTE BRIL FAST AMARILLO LIMON 19 L.",1909.12,0,1842.21,0,15,,21920,1842.21,0
1749,EB61510,"ESMALTE BRIL FAST AMARILLO OXIDO 1 L.",117.6,0,113.48,0,15,,1749,113.48,0
21923,EB61540,"ESMALTE BRIL FAST AMARILLO OXIDO 4 L.",432.43,0,417.27,0,15,,21923,417.27,0
21924,EB61590,"ESMALTE BRIL FAST AMARILLO OXIDO 19 L.",1909.12,0,1842.21,0,15,,21924,1842.21,0
1750,EB6191003,"ESMALTE BRIL FAST CHOCOLATE BRILLANTE 1 L.",117.6,0,113.48,0,15,,1750,113.48,0
1751,EB6191005,"ESMALTE BRIL FAST CHOCOLATE SEMIMATE",117.6,0,113.48,0,15,,1751,113.48,0
21926,EB6194003,"ESMALTE BRIL FAST CHOCOLATE BRILLANTE 4 L.",432.43,0,417.27,0,15,,21926,417.27,0
21927,EB6194004,"ESMALTE BRIL FAST CHOCOLATE MATE (DIAZ) 4 L.",432.43,0,417.27,0,15,,21927,417.27,0
21928,EB6194005,"ESMALTE BRIL FAST CHOCOLATE SEMIMATE 500 ML.",432.43,0,417.27,0,15,,21928,417.27,0
21929,EB6199003,"ESMALTE BRIL FAST CHOCOLATE BRILLANTE (DIAZ) 19 L.",1909.12,0,1842.21,0,15,,21929,1842.21,0
21930,EB6199004,"ESMALTE BRIL FAST CHOCOLATE MATE (DIAZ) 19 L.",1909.12,0,1842.21,0,15,,21930,1842.21,0
21931,EB6199005,"ESMALTE BRIL FAST CHOCOLATE SEMIMATE 500 ML.",1909.12,0,1842.21,0,15,,21931,1842.21,0
1752,EB62010,"ESMALTE BRIL FAST ALUMINIO 1 L.",117.6,0,113.48,0,15,,1752,113.48,0
21932,EB62040,"ESMALTE BRIL FAST ALUMINIO 4 L.",432.43,0,417.27,0,15,,21932,417.27,0
21934,EB62090,"ESMALTE BRIL FAST ALUMINIO 19 L.",1909.12,0,1842.21,0,15,,21934,1842.21,0
1753,EB62810,"ESMALTE BRIL FAST AZUL HOLANDES 1 L.",117.6,0,113.48,0,15,,1753,113.48,0
21936,EB62840,"ESMALTE BRIL FAST AZUL HOLANDES 4 L.",432.43,0,417.27,0,15,,21936,417.27,0
21939,EB62890,"ESMALTE BRIL FAST AZUL HOLANDES 19 L.",1909.12,0,1842.21,0,15,,21939,1842.21,0
20971,EB63110,"ESMALTE BRIL FAST BASE PASTEL 1 L.",115.38,0,111.34,0,15,,20971,111.34,0
20972,EB63140,"ESMALTE BRIL FAST BASE PASTEL 4 L.",423.56,0,408.71,0,15,,20972,408.71,0
20975,EB63190,"ESMALTE BRIL FAST BASE PASTEL 19 L.",1866.94,0,1801.51,0,15,,20975,1801.51,0
20976,EB63210,"ESMALTE BRIL FAST BASE TINT 1 L.",111.06,0,107.17,0,15,,20976,107.17,0
20977,EB63240,"ESMALTE BRIL FAST BASE TINT 4 L.",406.28,0,392.03,0,15,,20977,392.03,0
20978,EB63290,"ESMALTE BRIL FAST BASE TINT 19 L.",1784.86,0,1722.3,0,15,,20978,1722.3,0
20979,EB63310,"ESMALTE BRIL FAST BASE DEEP 1 L.",106.2,0,102.48,0,15,,20979,102.48,0
20980,EB63340,"ESMALTE BRIL FAST BASE DEEP 4 L.",386.84,0,373.28,0,15,,20980,373.28,0
20981,EB63390,"ESMALTE BRIL FAST BASE DEEP 19 L.",1692.52,0,1633.2,0,15,,20981,1633.2,0
20982,EB63410,"ESMALTE BRIL FAST BASE ACCENT 1 L.",86.52,0,83.49,0,15,,20982,83.49,0
20983,EB63440,"ESMALTE BRIL FAST BASE ACCENT 4 L.",308.12,0,297.32,0,15,,20983,297.32,0
20984,EB63490,"ESMALTE BRIL FAST BASE ACCENT 19 L.",1318.61,0,1272.39,0,15,,20984,1272.39,0
1759,EB64110,"ESMALTE BRIL FAST VERDE FTALO 1 L.",117.6,0,113.48,0,15,,1759,113.48,0
21943,EB64140,"ESMALTE BRIL FAST VERDE FTALO 4 L.",432.43,0,417.27,0,15,,21943,417.27,0
21945,EB64190,"ESMALTE BRIL FAST VERDE FTALO 19 L.",1909.12,0,1842.21,0,15,,21945,1842.21,0
22325,EV20002,"ESMALTE TECNOBRIL BLANCO 250 ML.",35.18,0,33.32,0,15,,22325,33.32,0
22326,EV20005,"ESMALTE TECNOBRIL BLANCO 500 ML.",53.73,0,50.89,0,15,,22326,50.89,0
1953,EV20010,"ESMALTE TECNOBRIL BLANCO 1 L.",97.83,0,92.66,0,15,,1953,92.66,0
22327,EV20040,"ESMALTE TECNOBRIL BLANCO 4 L.",351.82,0,333.21,0,15,,22327,333.21,0
22328,EV20090,"ESMALTE TECNOBRILL BLANCO 19 L.",1546.14,0,1464.32,0,15,,22328,1464.32,0
22332,EV20102,"ESMALTE TECNOBRIL NEGRO 250 ML.",35.18,0,33.32,0,15,,22332,33.32,0
22333,EV20105,"ESMALTE TECNOBRIL NEGRO 500 ML.",53.73,0,50.89,0,15,,22333,50.89,0
1954,EV20110,"ESMALTE TECNOBRIL NEGRO 1 L.",97.83,0,92.66,0,15,,1954,92.66,0
22334,EV20140,"ESMALTE TECNOBRIL NEGRO 4 L.",351.82,0,333.21,0,15,,22334,333.21,0
22335,EV20190,"ESMALTE TECNOBRIL NEGRO 19 L.",1546.14,0,1464.32,0,15,,22335,1464.32,0
22336,EV20202,"ESMALTE TECNOBRIL GRIS MAQUINARIA 250 ML.",35.18,0,33.32,0,15,,22336,33.32,0
22337,EV20205,"ESMALTE TECNOBRIL GRIS MAQUINARIA 500 ML.",53.73,0,50.89,0,15,,22337,50.89,0
1955,EV20210,"ESMALTE TECNOBRIL GRIS MAQUINARIA 1 L.",97.83,0,92.66,0,15,,1955,92.66,0
22338,EV20240,"ESMALTE TECNOBRIL GRIS MAQUINARIA 4 L.",351.82,0,333.21,0,15,,22338,333.21,0
22339,EV20290,"ESMALTE TECNOBRIL GRIS MAQUINARIA 19 L.",1546.14,0,1464.32,0,15,,22339,1464.32,0
22346,EV20302,"ESMALTE TECNOBRIL AZUL FUERTE 250 ML.",35.18,0,33.32,0,15,,22346,33.32,0
22347,EV20305,"ESMALTE TECNOBRIL AZUL FUERTE 500 ML.",53.73,0,50.89,0,15,,22347,50.89,0
1956,EV20310,"ESMALTE TECNOBRIL AZUL FUERTE 1 L.",97.83,0,92.66,0,15,,1956,92.66,0
22348,EV20340,"ESMALTE TECNOBRIL AZUL FUERTE 4 L.",351.82,0,333.21,0,15,,22348,333.21,0
22349,EV20390,"ESMALTE TECNOBRIL AZUL FUERTE 19 L.",1546.14,0,1464.32,0,15,,22349,1464.32,0
22353,EV20402,"ESMALTE TECNOBRIL ROJO OXIDO 250 ML.",35.18,0,33.32,0,15,,22353,33.32,0
22354,EV20405,"ESMALTE TECNOBRIL ROJO OXIDO 500 ML.",53.73,0,50.89,0,15,,22354,50.89,0
1957,EV20410,"ESMALTE TECNOBRIL ROJO OXIDO 1 L.",97.83,0,92.66,0,15,,1957,92.66,0
22355,EV20440,"ESMALTE TECNOBRIL ROJO OXIDO 4 L.",351.82,0,333.21,0,15,,22355,333.21,0
22356,EV20490,"ESMALTE TECNOBRIL ROJO OXIDO 19 L.",1546.14,0,1464.32,0,15,,22356,1464.32,0
22357,EV20602,"ESMALTE TECNOBRIL AMARILLO CROMO 250 ML.",35.18,0,33.32,0,15,,22357,33.32,0
22358,EV20605,"ESMALTE TECNOBRIL AMARILLO CROMO 500 ML.",53.73,0,50.89,0,15,,22358,50.89,0
1958,EV20610,"ESMALTE TECNOBRIL AMARILLO CROMO 1 L.",97.83,0,92.66,0,15,,1958,92.66,0
22359,EV20640,"ESMALTE TECNOBRIL AMARILLO CROMO 4 L.",351.82,0,333.21,0,15,,22359,333.21,0
22360,EV20690,"ESMALTE TECNOBRIL AMARILLO CROMO 19 L.",1546.14,0,1464.32,0,15,,22360,1464.32,0
22364,EV20702,"ESMALTE TECNOBRIL TURQUESA 250 ML.",35.18,0,33.32,0,15,,22364,33.32,0
22365,EV20705,"ESMALTE TECNOBRIL TURQUESA 500 ML.",53.73,0,50.89,0,15,,22365,50.89,0
1959,EV20710,"ESMALTE TECNOBRIL TURQUESA 1 L.",97.83,0,92.66,0,15,,1959,92.66,0
22366,EV20740,"ESMALTE TECNOBRIL TURQUESA 4 L.",351.82,0,333.21,0,15,,22366,333.21,0
22367,EV20790,"ESMALTE TECNOBRIL TURQUESA 19 L.",1546.14,0,1464.32,0,15,,22367,1464.32,0
22368,EV20802,"ESMALTE TECNOBRIL ROJO 250 ML.",35.18,0,33.32,0,15,,22368,33.32,0
22369,EV20805,"ESMALTE TECNOBRIL ROJO 500 ML.",53.73,0,50.89,0,15,,22369,50.89,0
1960,EV20810,"ESMALTE TECNOBRIL ROJO 1 L.",97.83,0,92.66,0,15,,1960,92.66,0
22370,EV20840,"ESMALTE TECNOBRIL ROJO 4 L.",351.82,0,333.21,0,15,,22370,333.21,0
22371,EV20890,"ESMALTE TECNOBRIL ROJO 19 L.",1546.14,0,1464.32,0,15,,22371,1464.32,0
22374,EV21002,"ESMALTE TECNOBRIL NARANJA 250 ML.",35.18,0,33.32,0,15,,22374,33.32,0
22375,EV21005,"ESMALTE TECNOBRIL NARANJA 500 ML.",53.73,0,50.89,0,15,,22375,50.89,0
1961,EV21010,"ESMALTE TECNOBRIL NARANJA 1 L.",97.83,0,92.66,0,15,,1961,92.66,0
22376,EV21040,"ESMALTE TECNOBRIL NARANJA 4 L.",351.82,0,333.21,0,15,,22376,333.21,0
22377,EV21090,"ESMALTE TECNOBRIL NARANJA 19 L.",1546.14,0,1464.32,0,15,,22377,1464.32,0
22378,EV21202,"ESMALTE TECNOBRIL AMARILLO LIMON 250 ML.",35.18,0,33.32,0,15,,22378,33.32,0
22379,EV21205,"ESMALTE TECNOBRIL AMARILLO LIMON 500 ML.",53.73,0,50.89,0,15,,22379,50.89,0
1962,EV21210,"ESMALTE TECNOBRIL AMARILLO LIMON 1 L.",97.83,0,92.66,0,15,,1962,92.66,0
22380,EV21240,"ESMALTE TECNOBRIL AMARILLO LIMON 4 L.",351.82,0,333.21,0,15,,22380,333.21,0
22381,EV21290,"ESMALTE TECNOBRIL AMARILLO LIMON 19 L.",1546.14,0,1464.32,0,15,,22381,1464.32,0
22383,EV21302,"ESMALTE TECNOBRIL VERDE BOSQUE 250 ML.",35.18,0,33.32,0,15,,22383,33.32,0
22384,EV21305,"ESMALTE TECNOBRIL VERDE BOSQUE 500 ML.",53.73,0,50.89,0,15,,22384,50.89,0
1963,EV21310,"ESMALTE TECNOBRIL VERDE BOSQUE 1 L.",97.83,0,92.66,0,15,,1963,92.66,0
22385,EV21340,"ESMALTE TECNOBRIL VERDE BOSQUE 4 L.",351.82,0,333.21,0,15,,22385,333.21,0
22386,EV21390,"ESMALTE TECNOBRIL VERDE BOSQUE 19 L.",1546.14,0,1464.32,0,15,,22386,1464.32,0
22397,EV21702,"ESMALTE TECNOBRIL MARFIL 250 ML.",35.18,0,33.32,0,15,,22397,33.32,0
22398,EV21705,"ESMALTE TECNOBRIL MARFIL 500 ML.",53.73,0,50.89,0,15,,22398,50.89,0
1964,EV21710,"ESMALTE TECNOBRIL MARFIL 1 L.",97.83,0,92.66,0,15,,1964,92.66,0
22399,EV21740,"ESMALTE TECNOBRIL MARFIL 4 L.",351.82,0,333.21,0,15,,22399,333.21,0
22400,EV21790,"ESMALTE TECNOBRIL MARFIL 19 L.",1546.14,0,1464.32,0,15,,22400,1464.32,0
22402,EV21802,"ESMALTE TECNOBRIL CREMA 250 ML.",35.18,0,33.32,0,15,,22402,33.32,0
22403,EV21805,"ESMALTE TECNOBRIL CREMA 500 ML.",53.73,0,50.89,0,15,,22403,50.89,0
1965,EV21810,"ESMALTE TECNOBRIL CREMA 1 L.",97.83,0,92.66,0,15,,1965,92.66,0
22404,EV21840,"ESMALTE TECNOBRIL CREMA 4 L.",351.82,0,333.21,0,15,,22404,333.21,0
22405,EV21890,"ESMALTE TECNOBRIL CREMA 19 L.",1546.14,0,1464.32,0,15,,22405,1464.32,0
22406,EV21902,"ESMALTE TECNOBRIL CASTANO 250 ML.",35.18,0,33.32,0,15,,22406,33.32,0
22407,EV21905,"ESMALTE TECNOBRIL CASTANO 500 ML.",53.73,0,50.89,0,15,,22407,50.89,0
1966,EV21910,"ESMALTE TECNOBRIL CASTANO 1 L.",97.83,0,92.66,0,15,,1966,92.66,0
22408,EV21940,"ESMALTE TECNOBRIL CASTANO 4 L.",351.82,0,333.21,0,15,,22408,333.21,0
22409,EV21990,"ESMALTE TECNOBRIL CASTANO 19 L.",1546.14,0,1464.32,0,15,,22409,1464.32,0
22410,EV22002,"ESMALTE TECNOBRIL AZUL CIELO 250 ML.",35.18,0,33.32,0,15,,22410,33.32,0
22411,EV22005,"ESMALTE TECNOBRIL AZUL CIELO 500 ML.",53.73,0,50.89,0,15,,22411,50.89,0
1967,EV22010,"ESMALTE TECNOBRIL AZUL CIELO 1 L.",97.83,0,92.66,0,15,,1967,92.66,0
22412,EV22040,"ESMALTE TECNOBRIL AZUL CIELO 4 L.",351.82,0,333.21,0,15,,22412,333.21,0
22413,EV22090,"ESMALTE TECNOBRIL AZUL CIELO 19 L.",1546.14,0,1464.32,0,15,,22413,1464.32,0
22414,EV22102,"ESMALTE TECNOBRIL BLANCO MATE 250 ML.",35.18,0,33.32,0,15,,22414,33.32,0
22415,EV22105,"ESMALTE TECNOBRIL BLANCO MATE 500 ML.",53.73,0,50.89,0,15,,22415,50.89,0
1968,EV22110,"ESMALTE TECNOBRIL BLANCO MATE 1 L.",97.83,0,92.66,0,15,,1968,92.66,0
22416,EV22140,"ESMALTE TECNOBRIL BLANCO MATE 4 L.",351.82,0,333.21,0,15,,22416,333.21,0
22417,EV22190,"ESMALTE TECNOBRIL BLANCO MATE 19 L.",1546.14,0,1464.32,0,15,,22417,1464.32,0
22418,EV22202,"ESMALTE TECNOBRIL NEGRO MATE 250 ML.",35.18,0,33.32,0,15,,22418,33.32,0
22419,EV22205,"ESMALTE TECNOBRIL NEGRO MATE 500 ML.",53.73,0,50.89,0,15,,22419,50.89,0
1969,EV22210,"ESMALTE TECNOBRIL NEGRO MATE 1 L.",97.83,0,92.66,0,15,,1969,92.66,0
22420,EV22240,"ESMALTE TECNOBRIL NEGRO MATE 4 L.",351.82,0,333.21,0,15,,22420,333.21,0
22421,EV22290,"ESMALTE TECNOBRIL NEGRO MATE 19 L.",1546.14,0,1464.32,0,15,,22421,1464.32,0
22422,EV22402,"ESMALTE TECNOBRIL BLANCO OSTION 250 ML.",35.18,0,33.32,0,15,,22422,33.32,0
22423,EV22405,"ESMALTE TECNOBRIL BLANCO OSTION 500 ML.",53.73,0,50.89,0,15,,22423,50.89,0
1970,EV22410,"ESMALTE TECNOBRIL BLANCO OSTION 1 L.",97.83,0,92.66,0,15,,1970,92.66,0
22424,EV22440,"ESMALTE TECNOBRIL BLANCO OSTION 4 L.",351.82,0,333.21,0,15,,22424,333.21,0
22425,EV22490,"ESMALTE TECNOBRIL BLANCO OSTION 19 L.",1546.14,0,1464.32,0,15,,22425,1464.32,0
22426,EV22802,"ESMALTE TECNOBRIL AZUL HOLANDES 250 ML.",35.18,0,33.32,0,15,,22426,33.32,0
22427,EV22805,"ESMALTE TECNOBRIL AZUL HOLANDES 500 ML.",53.73,0,50.89,0,15,,22427,50.89,0
1973,EV22810,"ESMALTE TECNOBRIL AZUL HOLANDES 1 L.",97.83,0,92.66,0,15,,1973,92.66,0
22428,EV22840,"ESMALTE TECNOBRIL AZUL HOLANDES 4 L.",351.82,0,333.21,0,15,,22428,333.21,0
22429,EV22890,"ESMALTE TECNOBRIL AZUL HOLANDES 19 L.",1546.14,0,1464.32,0,15,,22429,1464.32,0
20985,EV23110,"ESMALTE TECNOBRIL BASE PASTEL 1 L.",96.03,0,347.45,0,15,,20985,347.45,0
20986,EV23140,"ESMALTE TECNOBRIL BASE PASTEL 4 L.",344.62,0,326.39,0,15,,20986,326.39,0
20987,EV23190,"ESMALTE TECNOBRIL BASE PASTEL 19 L.",1511.94,0,1431.94,0,15,,20987,1431.94,0
20988,EV23210,"ESMALTE TECNOBRIL BASE TINT 1 L.",92.43,0,87.54,0,15,,20988,87.54,0
20989,EV23240,"ESMALTE TECNOBRIL BASE TINT 4 L.",330.22,0,312.75,0,15,,20989,312.75,0
20990,EV23290,"ESMALTE TECNOBRIL BASE TINT 19 L.",1443.54,0,1367.15,0,15,,20990,1367.15,0
20991,EV23310,"ESMALTE TECNOBRIL BASE DEEP 1 L.",87.63,0,82.99,0,15,,20991,82.99,0
20992,EV23340,"ESMALTE TECNOBRIL BASE DEEP 4 L.",311.02,0,294.56,0,15,,20992,294.56,0
20993,EV23390,"ESMALTE TECNOBRIL BASE DEEP 19 L.",1352.35,0,1280.78,0,15,,20993,1280.78,0
20994,EV23410,"ESMALTE TECNOBRIL BASE ACCENT 1 L.",66.75,0,63.22,0,15,,20994,63.22,0
20996,EV23440,"ESMALTE TECNOBRIL BASE ACCENT 4 L.",227.51,0,215.47,0,15,,20996,215.47,0
20997,EV23490,"ESMALTE TECNOBRIL BASE ACCENT 19 L.",955.63,0,905.07,0,15,,20997,905.07,0
22433,EV23902,"ESMALTE TECNOBRIL ROSA MEXICANO 250 ML.",35.18,0,33.32,0,15,,22433,33.32,0
22434,EV23905,"ESMALTE TECNOBRIL ROSA MEXICANO 500 ML.",53.73,0,50.89,0,15,,22434,50.89,0
1978,EV23910,"ESMALTE TECNOBRIL ROSA MEXICANO 1 L.",97.83,0,92.66,0,15,,1978,92.66,0
22435,EV23940,"ESMALTE TECNOBRIL ROSA MEXICANO 4 L.",351.82,0,333.21,0,15,,22435,333.21,0
22436,EV23990,"ESMALTE TECNOBRIL ROSA MEXICANO 19 L.",1546.14,0,1464.32,0,15,,22436,1464.32,0
22437,EV24502,"ESMALTE TECNOBRIL VERDE FRESCO 250 ML.",35.18,0,33.32,0,15,,22437,33.32,0
22438,EV24505,"ESMALTE TECNOBRIL VERDE FRESCO 500 ML.",53.73,0,50.89,0,15,,22438,50.89,0
1979,EV24510,"ESMALTE TECNOBRIL VERDE FRESCO 1 L.",97.83,0,92.66,0,15,,1979,92.66,0
22439,EV24540,"ESMALTE TECNOBRIL VERDE FRESCO 4 L.",351.82,0,333.21,0,15,,22439,333.21,0
22440,EV24590,"ESMALTE TECNOBRIL VERDE FRESCO 19 L.",1546.14,0,1464.32,0,15,,22440,1464.32,0
22441,EV24902,"ESMALTE TECNOBRIL CHOCOLATE CLARO 250 ML.",35.18,0,33.32,0,15,,22441,33.32,0
22442,EV24905,"ESMALTE TECNOBRIL CHOCOLATE CLARO 500 ML.",53.73,0,50.89,0,15,,22442,50.89,0
1980,EV24910,"ESMALTE TECNOBRIL CHOCOLATE CLARO 1 L.",97.83,0,92.66,0,15,,1980,92.66,0
22443,EV24940,"ESMALTE TECNOBRIL CHOCOLATE CLARO 4 L.",351.82,0,333.21,0,15,,22443,333.21,0
22444,EV24990,"ESMALTE TECNOBRIL CHOCOLATE CLARO 19 L.",1546.14,0,1464.32,0,15,,22444,1464.32,0
22445,EV26602,"ESMALTE TECNOBRIL GRIS CLARO 250 ML.",35.18,0,33.32,0,15,,22445,33.32,0
22446,EV26605,"ESMALTE TECNOBRIL GRIS CLARO 500 ML.",53.73,0,50.89,0,15,,22446,50.89,0
1981,EV26610,"ESMALTE TECNOBRIL GRIS CLARO 1 L.",97.83,0,92.66,0,15,,1981,92.66,0
22447,EV26640,"ESMALTE TECNOBRIL GRIS CLARO 4 L.",351.82,0,333.21,0,15,,22447,333.21,0
22448,EV26690,"ESMALTE TECNOBRIL GRIS CLARO 19 L.",1546.14,0,1464.32,0,15,,22448,1464.32,0
19814,EW30010,"300BA BLANCO",121.2,0,116.95,0,15,,19814,116.95,0
24235,EW30040,"300BA BLANCO",407.99,0,393.69,0,15,,24235,393.69,0
24237,EW30090,"300BA BLANCO",1917.57,0,1850.37,0,15,,24237,1850.37,0
19822,EW30110,"300BA NEGRO",121.2,0,116.95,0,15,,19822,116.95,0
24239,EW30140,"300BA NEGRO",407.99,0,393.69,0,15,,24239,393.69,0
24241,EW30190,"300BA NEGRO",1917.57,0,1850.37,0,15,,24241,1850.37,0
19829,EW30310,"300BA AZUL REAL",121.2,0,116.95,0,15,,19829,116.95,0
24247,EW30340,"300BA AZUL REAL",407.99,0,393.69,0,15,,24247,393.69,0
24248,EW30390,"300BA AZUL REAL",1917.57,0,1850.37,0,15,,24248,1850.37,0
19836,EW30410,"300BA TERRACOTA",121.2,0,116.95,0,15,,19836,116.95,0
24252,EW30440,"300BA TERRACOTA",407.99,0,393.69,0,15,,24252,393.69,0
24254,EW30490,"300BA TERRACOTA",1917.57,0,1850.37,0,15,,24254,1850.37,0
19844,EW30610,"300BA AMARILLO VIVO",121.2,0,116.95,0,15,,19844,116.95,0
24255,EW30640,"300BA AMARILLO VIVO",407.99,0,393.69,0,15,,24255,393.69,0
24257,EW30690,"300BA AMARILLO VIVO",1917.57,0,1850.37,0,15,,24257,1850.37,0
19852,EW30810,"300BA BERMELLON",121.2,0,116.95,0,15,,19852,116.95,0
24263,EW30840,"300BA BERMELLON",407.99,0,393.69,0,15,,24263,393.69,0
24265,EW30890,"300BA BERMELLON",1917.57,0,1850.37,0,15,,24265,1850.37,0
19865,EW31210,"300BA AMARILLO LIMON",121.2,0,116.95,0,15,,19865,116.95,0
24269,EW31240,"300BA AMARILLO LIMON",407.99,0,393.69,0,15,,24269,393.69,0
24271,EW31290,"300BA AMARILLO LIMON",1917.57,0,1850.37,0,15,,24271,1850.37,0
19871,EW31310,"300BA VERDE BOSQUE",121.2,0,116.95,0,15,,19871,116.95,0
24273,EW31340,"300BA VERDE BOSQUE",407.99,0,393.69,0,15,,24273,393.69,0
24274,EW31390,"300BA VERDE BOSQUE",1917.57,0,1850.37,0,15,,24274,1850.37,0
19876,EW31510,"300BA OCRE",121.2,0,116.95,0,15,,19876,116.95,0
24625,EW31540,"300BA OCRE",407.99,0,393.69,0,15,,24625,393.69,0
24272,EW31590,"300BA OCRE",1917.57,0,1850.37,0,15,,24272,1850.37,0
19870,EW33110,"300BA BASE PASTEL",118.68,0,114.52,0,15,,19870,114.52,0
24270,EW33140,"300BA BASE PASTEL",397.91,0,383.96,0,15,,24270,383.96,0
24268,EW33190,"300BA BASE PASTEL",1869.69,0,1804.16,0,15,,24268,1804.16,0
19864,EW33210,"300BA BASE TINT",114.78,0,110.76,0,15,,19864,110.76,0
24267,EW33240,"300BA BASE TINT",382.31,0,368.92,0,15,,24267,368.92,0
24266,EW33290,"300BA BASE TINT",1795.59,0,1732.66,0,15,,24266,1732.66,0
19861,EW33310,"300BA BASE DEEP",110.73,0,106.85,0,15,,19861,106.85,0
24264,EW33340,"300BA BASE DEEP",366.14,0,353.3,0,15,,24264,353.3,0
24262,EW33390,"300BA BASE DEEP",1718.75,0,1658.52,0,15,,24262,1658.52,0
19856,EW33410,"300BA BASE ACCENT",85.68,0,82.68,0,15,,19856,82.68,0
24261,EW33440,"300BA BASE ACCENT",265.92,0,256.59,0,15,,24261,256.59,0
24260,EW33490,"300BA BASE ACCENT",1242.7,0,1199.15,0,15,,24260,1199.15,0
22572,IA35290,"ACUA-FLEX BLANCO 19 L.",1271.97,0,1291.99,0,15,,22572,1291.99,0
22574,IA35390,"ACUA-FLEX TERRACOTA 19 L.",1271.97,0,1291.99,0,15,,22574,1291.99,0
22576,IA35440,"ACUABOND 4 L.",311.31,0,310.36,0,15,,22576,310.36,0
22577,IA35490,"ACUABOND 19 L.",1255.26,0,1251.41,0,15,,22577,1251.41,0
22579,IA35590,"IMPERMEABILIZANTE AISLANTE BLANCO 10 AÑOS 19 L.",1397.62,0,1419.62,0,15,,22579,1419.62,0
22588,IM74090,"ACUAWALL BLANCO 19 L.",1069.07,0,1085.9,0,15,,22588,1085.9,0
22591,IM76090,"IMPERMEABILIZANTE ACRITERM BLANCO 3 ANOS 19 L.",457.72,0,464.92,0,15,,22591,464.92,0
22593,IM76140,"IMPERMEABILIZANTE ACRITERM TERRACOTA 3 ANOS 4 L.",120.89,0,122.8,0,15,,22593,122.8,0
22594,IM76190,"IMPERMEABILIZANTE ACRITERM TERRACOTA 3 ANOS 19 L.",457.72,0,464.92,0,15,,22594,464.92,0
22597,IM77040,"IMPERMEABILIZANTE ACRITERM BLANCO 5 ANOS 4 L.",193.52,0,196.57,0,15,,22597,196.57,0
22598,IM77090,"IMPERMEABILIZANTE ACRITERM BLANCO 5 ANOS 19 L.",830.7,0,843.77,0,15,,22598,843.77,0
22602,IM77140,"IMPERMEABILIZANTE ACRITERM TERRACOTA 5 ANOS 4 L.",193.52,0,196.57,0,15,,22602,196.57,0
22603,IM77190,"IMPERMEABILIZANTE ACRITERM TERRACOTA 5 ANOS 19 L.",830.7,0,843.77,0,15,,22603,843.77,0
22605,IM7719006,"IMPERMEABILIZANTE ACRITERM FIBRATADO 5 + 2  ANOS TERRACOTA 19 L.",1017.58,0,957.04,0,15,,22605,957.04,0
22607,IM7719010,"IMPERMEABILIZANTE ACRITERM FIBRATADO 5  +  2  ANOS BLANCO 1 L.",1017.58,0,957.04,0,15,,22607,957.04,0
27603,IM77290,"IMPER ACRITERM CONSTRUPRO 5 AÑOS BLANCO",545.45,0,554.39,0,15,,27603,554.39,0
28318,IM77390,"IMPER ACRITERM CONSTRUPRO 5 AÑOS TERRACOTA",545.45,0,554.39,0,15,,28318,554.39,0
27517,IM78090,"ELASTO MASTER BLANCO  19 L",1254.52,0,1274.27,0,15,,27517,1274.27,0
2239,TM44210,"MIXTINTER AMARILLO GYO 1 L.",443.99,0,428.36,0,15,,2239,428.36,0
2240,TM44310,"MIXTINTER AMARILLO OCY 1 L.",443.99,0,428.36,0,15,,2240,428.36,0
2241,TM44410,"MIXTINTER AMARILLO RYO 1 L.",443.99,0,428.36,0,15,,2241,428.36,0
2242,TM44610,"MIXTINTER AZUL BGC 1 L.",443.99,0,428.36,0,15,,2242,428.36,0
2243,TM44710,"MIXTINTER BLANCO BWI 1 L.",443.99,0,428.36,0,15,,2243,428.36,0
2244,TM44810,"MIXTINTER NEGRO GPB 1 L.",443.99,0,428.36,0,15,,2244,428.36,0
2245,TM44910,"MIXTINTER ROJO NRO 1 L.",443.99,0,428.36,0,15,,2245,428.36,0
2246,TM45010,"MIXTINTER ROJO OXR 1 L.",443.99,0,428.36,0,15,,2246,428.36,0
2247,TM45110,"MIXTINTER ROSA BPB (MAGENTA) 1 L.",443.99,0,428.36,0,15,,2247,428.36,0
2248,TM45210,"MIXTINTER VERDE ADG 1 L.",443.99,0,428.36,0,15,,2248,428.36,0
2124,PA78910,"CONVERTOR DE OXIDO 1 L.",155.83,0,147.58,0,15,,2124,147.58,0
22864,PA78940,"CONVERTOR DE OXIDO 4 L.",548.09,0,519.09,0,15,,22864,519.09,0
22865,PA78990,"CONVERTOR DE OXIDO 19 L",2547.04,0,2412.26,0,15,,22865,2412.26,0
2128,PA92810,"PRIMARIO ESTRUCTURISTA ROJO OXIDO 1 L.",97.81,0,92.63,0,15,,2128,92.63,0
22874,PA92840,"PRIMARIO ESTRUCTURISTA ROJO OXIDO 4 L.",322.4,0,305.35,0,15,,22874,305.35,0
22876,PA92890,"PRIMARIO ESTRUCTURISTA ROJO OXIDO 19 L.",1407.86,0,1333.36,0,15,,22876,1333.36,0
2130,PA92910,"PRIMARIO ESTRUCTURISTA NEGRO 1 L.",101.49,0,96.12,0,15,,2130,96.12,0
22879,PA92940,"PRIMARIO ESTRUCTURISTA NEGRO 4 L.",334.73,0,317.02,0,15,,22879,317.02,0
22881,PA92990,"PRIMARIO ESTRUCTURISTA NEGRO 19 L.",1460.99,0,1383.68,0,15,,22881,1383.68,0
2132,PA93110,"PRIMARIO ESTRUCTURISTA GRIS 1 L.",99.95,0,94.66,0,15,,2132,94.66,0
22884,PA93140,"PRIMARIO ESTRUCTURISTA GRIS 4 L.",338.52,0,320.61,0,15,,22884,320.61,0
22888,PA93190,"PRIMARIO ESTRUCTURISTA GRIS 19 L.",1558.3,0,1475.85,0,15,,22888,1475.85,0
2136,PA93210,"PRIMARIO ESTRUCTURISTA BLANCO 1 L.",106.41,0,100.78,0,15,,2136,100.78,0
22894,PA93240,"PRIMARIO ESTRUCTURISTA BLANCO 4 L.",379.38,0,359.3,0,15,,22894,359.3,0
22895,PA93290,"PRIMARIO ESTRUCTURISTA BLANCO 19 L.",1673.32,0,1584.77,0,15,,22895,1584.77,0
2137,PA94510,"PRIMARIO ESTRUCTURISTA FLASH ROJO 1 L.",72.76,0,69.56,0,15,,2137,69.56,0
22907,PA94540,"PRIMARIO ESTRUCTURISTA FLASH ROJO 4 L.",261.7,0,250.19,0,15,,22907,250.19,0
22908,PA94590,"PRIMARIO ESTRUCTURISTA FLASH ROJO 19 L.",1212.74,0,1159.41,0,15,,22908,1159.41,0
2138,PA94610,"PRIMARIO ESTRUCTURISTA FLASH GRIS 1 L.",72.76,0,69.56,0,15,,2138,69.56,0
22909,PA94640,"PRIMARIO ESTRUCTURISTA FLASH GRIS 4 L.",261.7,0,250.19,0,15,,22909,250.19,0
22910,PA94690,"PRIMARIO ESTRUCTURISTA FLASH GRIS 19 L.",1212.74,0,1159.41,0,15,,22910,1159.41,0
2139,PA94710,"PRIMARIO ESTRUCTURISTA FLASH BLANCO 1 L.",79.15,0,75.67,0,15,,2139,75.67,0
22912,PA94740,"PRIMARIO ESTRUCTURISTA FLASH BLANCO 4 L.",287.23,0,274.6,0,15,,22912,274.6,0
22913,PA94790,"PRIMARIO ESTRUCTURISTA FLASH BLANCO 19 L.",1340.4,0,1281.45,0,15,,22913,1281.45,0
2140,PA94910,"PRIMARIO ESTRUCTURISTA FLASH NEGRO 1 L.",79.15,0,75.67,0,15,,2140,75.67,0
22915,PA94940,"PRIMARIO ESTRUCTURISTA FLASH NEGRO 4 L.",287.23,0,274.6,0,15,,22915,274.6,0
22916,PA94990,"PRIMARIO ESTRUCTURISTA FLASH NEGRO 19 L.",1340.4,0,1281.45,0,15,,22916,1281.45,0
2219,SA90610,"SELLAMURO 501 1 L.",50.45,0,47.78,0,15,,2219,47.78,0
23109,SA90640,"SELLAMURO 501 4 L.",173.83,0,164.63,0,15,,23109,164.63,0
23110,SA9064008,"SELLADOR ENTINTABLE ACRILICO MEJORADO 4 L.",204.25,0,193.44,0,15,,23110,193.44,0
23111,SA90690,"SELLAMURO 501 19 L.",695.42,0,658.62,0,15,,23111,658.62,0
23112,SA9069008,"SELLADOR ENTINTABLE ACRILICO MEJORADO 19 L.",855.31,0,810.04,0,15,,23112,810.04,0
23118,SA91090,"SELLADOR PARA TIROL 19 L.",563.2,0,481.54,0,15,,23118,481.54,0
23119,SA94040,"SELLADOR CONTRA ALKALI 4 L.",211.09,0,199.92,0,15,,23119,199.92,0
23120,SA94090,"SELLADOR CONTRA ALKALI 19 L.",914.74,0,866.34,0,15,,23120,866.34,0
2249,V100010,"COVER 1000 BLANCO 1 L.",71.24,0,68.74,0,15,,2249,68.74,0
23156,V100040,"COVER 1000 BLANCO 4 L.",256.5,0,247.51,0,15,,23156,247.51,0
23157,V100090,"COVER 1000 BLANCO 19 L.",1111.53,0,1072.57,0,15,,23157,1072.57,0
23161,V100240,"COVER 1000 VERDE MENTA 4 L.",256.5,0,247.51,0,15,,23161,247.51,0
23162,V100290,"COVER 1000 VERDE MENTA 19 L.",1111.53,0,1072.57,0,15,,23162,1072.57,0
23163,V100440,"COVER 1000 AMARILLO AMANECER 4 L.",256.5,0,247.51,0,15,,23163,247.51,0
23164,V100490,"COVER 1000 AMARILLO AMANECER 19 L.",1111.53,0,1072.57,0,15,,23164,1072.57,0
23165,V100540,"COVER 1000 CHANTILLY 4 L.",256.5,0,247.51,0,15,,23165,247.51,0
23166,V100590,"COVER 1000 CHANTILLY 19 L.",1111.53,0,1072.57,0,15,,23166,1072.57,0
23168,V100640,"COVER 1000 DURAZNO TIERNO 4 L.",256.5,0,247.51,0,15,,23168,247.51,0
23169,V100690,"COVER 1000 DURAZNO TIERNO 19 L.",1111.53,0,1072.57,0,15,,23169,1072.57,0
23170,V100740,"COVER 1000 BRONCE 4 L.",256.5,0,247.51,0,15,,23170,247.51,0
23171,V100790,"COVER 1000 BRONCE 19 L.",1111.53,0,1072.57,0,15,,23171,1072.57,0
23172,V101040,"COVER 1000 BLANCO ANTIGUO 4 L.",256.5,0,247.51,0,15,,23172,247.51,0
21016,V101090,"COVER 1000 BLANCO ANTIGUO 19 L.",1111.53,0,1072.57,0,15,,21016,1072.57,0
23173,V101240,"COVER 1000 BEIGE 4 L.",256.5,0,247.51,0,15,,23173,247.51,0
23174,V101290,"COVER 1000 BEIGE 19 L.",1111.53,0,1072.57,0,15,,23174,1072.57,0
23178,V101340,"COVER 1000 AZUL ARTICO 4 L.",256.5,0,247.51,0,15,,23178,247.51,0
23179,V101390,"COVER 1000 AZUL ARTICO 19 L.",1111.53,0,1072.57,0,15,,23179,1072.57,0
23180,V101940,"COVER 1000 NAPOLITANO 4 L.",256.5,0,247.51,0,15,,23180,247.51,0
23181,V101990,"COVER 1000 NAPOLITANO 19 L.",1111.53,0,1072.57,0,15,,23181,1072.57,0
2250,V102310,"COVER 1000 TINTA AMARILLO LIMON 1 L.",71.24,0,68.74,0,15,,2250,68.74,0
23182,V102340,"COVER 1000 TINTA AMARILLO LIMON 4 L.",256.5,0,247.51,0,15,,23182,247.51,0
23183,V102390,"COVER 1000 TINTA AMARILLO LIMON 19 L.",1111.53,0,1072.57,0,15,,23183,1072.57,0
23184,V102440,"COVER 1000 AZUL ZAFIRO 4 L.",256.5,0,247.51,0,15,,23184,247.51,0
23185,V102490,"COVER 1000 AZUL ZAFIRO 19 L.",1111.53,0,1072.57,0,15,,23185,1072.57,0
23186,V102940,"COVER 1000 ROSA 4 L.",256.5,0,247.51,0,15,,23186,247.51,0
23187,V102990,"COVER 1000 ROSA 19 L.",1111.53,0,1072.57,0,15,,23187,1072.57,0
2251,V103010,"COVER 1000 BASE PASTEL 1 L.",68.48,0,66.08,0,15,,2251,66.08,0
23188,V103040,"COVER 1000 BASE PASTEL 4 L.",245.46,0,236.86,0,15,,23188,236.86,0
23189,V103090,"COVER 1000 BASE PASTEL 19 L.",1059.09,0,1021.97,0,15,,23189,1021.97,0
2252,V103110,"COVER 1000 BASE TINT 1 L.",67.16,0,64.81,0,15,,2252,64.81,0
23190,V103140,"COVER 1000 BASE TINT 4 L.",240.18,0,231.76,0,15,,23190,231.76,0
23191,V103190,"COVER 1000 BASE TINT 19 L.",1034.01,0,997.77,0,15,,23191,997.77,0
2253,V103210,"COVER 1000 BASE DEEP 1 L.",62.24,0,60.06,0,15,,2253,60.06,0
23192,V103240,"COVER 1000 BASE DEEP 4 L.",220.5,0,212.78,0,15,,23192,212.78,0
23193,V103290,"COVER 1000 BASE DEEP 19 L.",940.53,0,907.57,0,15,,23193,907.57,0
2254,V103310,"COVER 1000 BASE ACCENT 1 L.",44.84,0,43.27,0,15,,2254,43.27,0
23194,V103340,"COVER 1000 BASE ACCENT 4 L.",150.9,0,145.62,0,15,,23194,145.62,0
23195,V103390,"COVER 1000 BASE ACCENT 19 L.",609.94,0,588.56,0,15,,23195,588.56,0
23196,V103440,"COVER 1000 LILA 4 L.",256.5,0,247.51,0,15,,23196,247.51,0
23197,V103490,"COVER 1000 LILA 19 L.",1111.53,0,1072.57,0,15,,23197,1072.57,0
2255,V105010,"COVER 1000 TINTA AMARILLO 1 L.",71.24,0,68.74,0,15,,2255,68.74,0
23198,V105040,"COVER 1000 TINTA AMARILLO 4 L.",256.5,0,247.51,0,15,,23198,247.51,0
23199,V105090,"COVER 1000 TINTA AMARILLO 19 L.",1111.53,0,1072.57,0,15,,23199,1072.57,0
2256,V105110,"COVER 1000 TINTA AMARILLO OXIDO 1 L.",71.24,0,68.74,0,15,,2256,68.74,0
23201,V105140,"COVER 1000 TINTA AMARILLO OXIDO 4 L.",256.5,0,247.51,0,15,,23201,247.51,0
23202,V105190,"COVER 1000 TINTA AMARILLO OXIDO 19 L.",1111.53,0,1072.57,0,15,,23202,1072.57,0
2257,V105210,"COVER 1000 TINTA ROJO OXIDO 1 L.",71.24,0,68.74,0,15,,2257,68.74,0
23204,V105240,"COVER 1000 TINTA ROJO OXIDO 4 L.",256.5,0,247.51,0,15,,23204,247.51,0
23205,V105290,"COVER 1000 TINTA ROJO OXIDO 19 L.",1111.53,0,1072.57,0,15,,23205,1072.57,0
2258,V105310,"COVER 1000 TINTA NARANJA 1 L.",71.24,0,68.74,0,15,,2258,68.74,0
23207,V105340,"COVER 1000 TINTA NARANJA 4 L.",256.5,0,247.51,0,15,,23207,247.51,0
23208,V105390,"COVER 1000 TINTA NARANJA 19 L.",1111.53,0,1072.57,0,15,,23208,1072.57,0
2259,V105410,"COVER 1000 TINTA ROJO 1 L.",71.24,0,68.74,0,15,,2259,68.74,0
23209,V105440,"COVER 1000 TINTA ROJO 4 L.",256.5,0,247.51,0,15,,23209,247.51,0
23210,V105490,"COVER 1000 TINTA ROJO 19 L.",1111.53,0,1072.57,0,15,,23210,1072.57,0
2260,V105510,"COVER 1000 TINTA VIOLETA 1 L.",71.24,0,68.74,0,15,,2260,68.74,0
23212,V105540,"COVER 1000 TINTA VIOLETA 4 L.",256.5,0,247.51,0,15,,23212,247.51,0
23213,V105590,"COVER 1000 TINTA VIOLETA 19 L.",1111.53,0,1072.57,0,15,,23213,1072.57,0
2261,V105610,"COVER 1000 TINTA AZUL 1 L.",71.24,0,68.74,0,15,,2261,68.74,0
23214,V105640,"COVER 1000 TINTA AZUL 4 L.",256.5,0,247.51,0,15,,23214,247.51,0
23215,V105690,"COVER 1000 TINTA AZUL 19 L.",1111.53,0,1072.57,0,15,,23215,1072.57,0
2262,V105710,"COVER 1000 TINTA VERDE 1 L.",71.24,0,68.74,0,15,,2262,68.74,0
23217,V105740,"COVER 1000 TINTA VERDE 4 L.",256.5,0,247.51,0,15,,23217,247.51,0
23218,V105790,"COVER 1000 TINTA VERDE 19 L.",1111.53,0,1072.57,0,15,,23218,1072.57,0
2263,V105810,"COVER 1000 TINTA NEGRO 1 L.",71.25,0,68.74,0,15,,2263,68.74,0
23219,V105840,"COVER 1000 TINTA NEGRO 4 L.",256.5,0,247.51,0,15,,23219,247.51,0
23220,V105890,"COVER 1000 TINTA NEGRO 19 L.",1111.53,0,1072.57,0,15,,23220,1072.57,0
23223,V107040,"COVER 1000 BLANCO SATINADO 4 L.",256.5,0,247.51,0,15,,23223,247.51,0
23224,V107090,"COVER 1000 BLANCO SATINADO 19 L.",1111.53,0,1072.57,0,15,,23224,1072.57,0
20938,VA00110,"COVER PLASTIC BLANCO 1 L.",84.34,0,81.39,0,15,,20938,81.39,0
20940,VA00140,"COVER PLASTIC BLANCO 4 L.",295.23,0,284.89,0,15,,20940,284.89,0
20943,VA00190,"COVER PLASTIC BLANCO 19 L.",1327.52,0,1281,0,15,,20943,1281,0
23260,VA00199,"COVER PLASTIC BLANCO 200 L.",13275.21,0,12809.96,0,15,,23260,12809.96,0
20946,VA00440,"COVER PLASTIC PINON 4 L.",295.23,0,284.89,0,15,,20946,284.89,0
20947,VA00490,"COVER PLASTIC PINON 19 L.",1327.52,0,1281,0,15,,20947,1281,0
23261,VA00540,"COVER PLASTIC TURQUESA 4 L.",295.23,0,284.89,0,15,,23261,284.89,0
23262,VA00590,"COVER PLASTIC TURQUESA 19 L.",1327.52,0,1281,0,15,,23262,1281,0
20950,VA00640,"COVER PLASTIC CREMA 4 L.",295.23,0,284.89,0,15,,20950,284.89,0
23263,VA00690,"COVER PLASTIC CREMA 19 L.",1327.52,0,1281,0,15,,23263,1281,0
20952,VA00740,"COVER PLASTIC SALMON 4 L.",295.23,0,284.89,0,15,,20952,284.89,0
20954,VA00790,"COVER PLASTIC SALMON 19 L.",1327.52,0,1281,0,15,,20954,1281,0
20958,VA00940,"COVER PLASTIC BLANCO OSTION 4 L.",295.23,0,284.89,0,15,,20958,284.89,0
20961,VA00990,"COVER PLASTIC BLANCO OSTION 19 L.",1327.52,0,1281,0,15,,20961,1281,0
20964,VA01040,"COVER PLASTIC VIOLETA 4 L.",295.23,0,284.89,0,15,,20964,284.89,0
23264,VA01090,"COVER PLASTIC VIOLETA 19 L.",1327.52,0,1281,0,15,,23264,1281,0
23265,VA01140,"COVERPLASTIC AZUL CIELO 4 L.",295.23,0,284.89,0,15,,23265,284.89,0
23266,VA01190,"COVER PLASTIC AZUL CIELO 19 L.",1327.52,0,1281,0,15,,23266,1281,0
20969,VA01240,"COVER PLASTIC AMARILLO BRILLANTE 4 L.",295.23,0,284.89,0,15,,20969,284.89,0
23267,VA01290,"COVER PLASTIC AMARILLO BRILLANTE 19 L.",1327.52,0,1281,0,15,,23267,1281,0
20995,VA01540,"COVER PLASTIC VERDE PINO 4 L.",295.23,0,284.89,0,15,,20995,284.89,0
20998,VA01590,"COVER PLASTIC VERDE PINO 19 L.",1327.52,0,1281,0,15,,20998,1281,0
23268,VA01599,"COVER PLASTIC VERDE PINO 200 L.",13275.21,0,12809.73,0,15,,23268,12809.73,0
23269,VA01740,"COVER PLASTIC AZUL REAL 4 L.",295.23,0,284.89,0,15,,23269,284.89,0
23270,VA01790,"COVER PLASTIC AZUL REAL 19 L.",1327.52,0,1281,0,15,,23270,1281,0
23271,VA01840,"COVER PLASTIC ROJO 4 L.",295.23,0,284.89,0,15,,23271,284.89,0
23272,VA01890,"COVERPLASTIC ROJO 19 L.",1327.52,0,1281,0,15,,23272,1281,0
21004,VA01940,"COVER PLASTIC AQUA 4 L.",295.23,0,284.89,0,15,,21004,284.89,0
23273,VA01990,"COVER PLASTIC AQUA 19 L.",1327.52,0,1281,0,15,,23273,1281,0
21005,VA02040,"COVER PLASTIC OCRE 4 L.",295.23,0,284.89,0,15,,21005,284.89,0
21006,VA02090,"COVER PLASTIC OCRE 19 L.",1327.52,0,1281,0,15,,21006,1281,0
21007,VA02110,"COVER PLASTIC ROJO INDIO 1 L.",84.35,0,81.39,0,15,,21007,81.39,0
21008,VA02140,"COVER PLASTIC ROJO INDIO 4 L.",295.23,0,284.89,0,15,,21008,284.89,0
23274,VA02190,"COVER PLASTIC ROJO INDIO 19 L.",1327.52,0,1281,0,15,,23274,1281,0
21009,VA02240,"COVER PLASTIC MARFIL 4 L.",295.23,0,284.89,0,15,,21009,284.89,0
23275,VA02290,"COVER PLASTIC MARFIL 19 L.",1327.52,0,1281,0,15,,23275,1281,0
23276,VA02340,"COVER PLASTIC BLANCO PERLA 4 L.",295.23,0,284.89,0,15,,23276,284.89,0
21013,VA02390,"COVER PLASTIC BLANCO PERLA 19 L.",1327.52,0,1281,0,15,,21013,1281,0
23277,VA02540,"COVER PLASTIC NEGRO 4 L.",295.23,0,284.89,0,15,,23277,284.89,0
21026,VA02590,"COVER PLASTIC NEGRO 19 L.",1327.52,0,1281,0,15,,21026,1281,0
23278,VA02740,"COVER PLASTIC AZUL COLONIAL 4 L.",295.23,0,284.89,0,15,,23278,284.89,0
23279,VA02790,"COVER PLASTIC AZUL COLONIAL 19 L.",1327.52,0,1281,0,15,,23279,1281,0
23280,VA02840,"COVER PLASTIC NARANJA 4 L.",295.23,0,284.89,0,15,,23280,284.89,0
23281,VA02890,"COVER PLASTIC NARANJA 19 L.",1327.52,0,1281,0,15,,23281,1281,0
23282,VA02899,"COVER PLASTIC CONS NARANJA 200 L.",12478.7,0,12809.73,0,15,,23282,12809.73,0
23283,VA02940,"COVER PLASTIC CHABACANO 4 L.",295.23,0,284.89,0,15,,23283,284.89,0
23284,VA02990,"COVER PLASTIC CHABACANO 19 L.",1327.52,0,1281,0,15,,23284,1281,0
23285,VA03240,"COVER PLASTIC FLAMINGO 4 L.",295.23,0,284.89,0,15,,23285,284.89,0
23286,VA03290,"COVER PLASTIC FLAMINGO 19 L.",1327.52,0,1281,0,15,,23286,1281,0
2267,VA05010,"COVER PLASTIC BASE PASTEL 1 L.",81.33,0,78.49,0,15,,2267,78.49,0
23287,VA05040,"COVER PLASTIC BASE PASTEL 4 L.",283.23,0,273.31,0,15,,23287,273.31,0
23288,VA05090,"COVER PLASTIC BASE PASTEL 19 L.",1270.53,0,1226,0,15,,23288,1226,0
2268,VA05110,"COVER PLASTIC BASE TINT 1 L.",78.17,0,75.42,0,15,,2268,75.42,0
23289,VA05140,"COVER PLASTIC BASE TINT 4 L.",270.51,0,261.03,0,15,,23289,261.03,0
23290,VA05190,"COVER PLASTIC BASE TINT 19 L.",1210.11,0,1167.7,0,15,,23290,1167.7,0
2269,VA05210,"COVER PLASTIC BASE DEEP 1 L.",72.35,0,69.81,0,15,,2269,69.81,0
23291,VA05240,"COVER PLASTIC BASE DEEP 4 L.",247.23,0,238.57,0,15,,23291,238.57,0
23292,VA05290,"COVER PLASTIC BASE DEEP 19 L.",1099.53,0,1061,0,15,,23292,1061,0
2270,VA05310,"COVER PLASTIC BASE ACCENT 1 L.",57.34,0,55.34,0,15,,2270,55.34,0
23293,VA05340,"COVER PLASTIC BASE ACCENT 4 L.",187.24,0,180.67,0,15,,23293,180.67,0
23294,VA05390,"COVER PLASTIC BASE ACCENT 19 L.",814.53,0,785.98,0,15,,23294,785.98,0
23295,VA09990,"COVER PLASTIC IGUALADO 19 L.",1327.53,0,1281,0,15,,23295,1281,0
2271,VA10010,"COVER MASTER BLANCO 1 L.",97.17,0,93.77,0,15,,2271,93.77,0
23296,VA10040,"COVER MASTER BLANCO 4 L.",343.75,0,331.7,0,15,,23296,331.7,0
23299,VA10090,"COVER MASTER BLANCO 19 L.",1529.59,0,1475.99,0,15,,23299,1475.99,0
23303,VA10140,"COVER MASTER MARFIL 4 L.",343.75,0,331.7,0,15,,23303,331.7,0
23304,VA10190,"COVER MASTER MARFIL 19 L.",1529.59,0,1475.99,0,15,,23304,1475.99,0
23305,VA10240,"COVER MASTER CREMA 4 L.",343.75,0,331.7,0,15,,23305,331.7,0
23306,VA10290,"COVER MASTER CREMA 19 L.",1529.59,0,1475.99,0,15,,23306,1475.99,0
23307,VA10340,"COVER MASTER PAJA 4 L.",343.75,0,331.7,0,15,,23307,331.7,0
23308,VA10390,"COVER MASTER PAJA 19 L.",1529.59,0,1475.99,0,15,,23308,1475.99,0
23309,VA10440,"COVER MASTER AMARILLO CANARIO 4 L.",343.75,0,331.7,0,15,,23309,331.7,0
23310,VA10490,"COVER MASTER AMARILLO CANARIO 19 L.",1529.59,0,1475.99,0,15,,23310,1475.99,0
23311,VA10540,"COVER MASTER SALMON 4 L.",343.75,0,331.7,0,15,,23311,331.7,0
23312,VA10590,"COVER MASTER SALMON 19 L.",1529.59,0,1475.99,0,15,,23312,1475.99,0
23313,VA10640,"COVER MASTER ROSA 4 L.",343.75,0,331.7,0,15,,23313,331.7,0
23314,VA10690,"COVER MASTER ROSA 19 L.",1529.59,0,1475.99,0,15,,23314,1475.99,0
23315,VA10740,"COVER MASTER OCRE 4 L.",343.75,0,331.7,0,15,,23315,331.7,0
23316,VA10790,"COVER MASTER OCRE 19 L.",1529.59,0,1475.99,0,15,,23316,1475.99,0
23317,VA11040,"COVER MASTER ROJO FUEGO 4 L.",343.75,0,331.7,0,15,,23317,331.7,0
23318,VA11090,"COVER MASTER ROJO FUEGO 19 L.",1529.59,0,1475.99,0,15,,23318,1475.99,0
23319,VA11140,"COVER MASTER ROJO INDIO 4 L.",343.75,0,331.7,0,15,,23319,331.7,0
23320,VA11190,"COVER MASTER ROJO INDIO 19 L.",1529.59,0,1475.99,0,15,,23320,1475.99,0
23322,VA11240,"COVER MASTER BLANCO OSTION 4 L.",343.75,0,331.7,0,15,,23322,331.7,0
23323,VA11290,"COVER MASTER BLANCO OSTION 19 L.",1529.59,0,1475.99,0,15,,23323,1475.99,0
23325,VA11440,"COVER MASTER AZUL CIELO 4 L.",343.75,0,331.7,0,15,,23325,331.7,0
23326,VA11490,"COVER MASTER AZUL CIELO 19 L.",1529.59,0,1475.99,0,15,,23326,1475.99,0
23327,VA11640,"COVER MASTER TURQUESA 4 L.",343.75,0,331.7,0,15,,23327,331.7,0
23328,VA11690,"COVER MASTER TURQUESA 19 L.",1529.59,0,1475.99,0,15,,23328,1475.99,0
23329,VA11940,"COVER MASTER BLANCO APIO 4 L.",343.75,0,331.7,0,15,,23329,331.7,0
23330,VA11990,"COVER MASTER BLANCO APIO 19 L.",1529.59,0,1475.99,0,15,,23330,1475.99,0
23331,VA12040,"COVER MASTER VERDE BOSQUE 4 L.",343.75,0,331.7,0,15,,23331,331.7,0
23332,VA12090,"COVER MASTER VERDE BOSQUE 19 L.",1529.59,0,1475.99,0,15,,23332,1475.99,0
23333,VA12140,"COVER MASTER AZUL OLIMPIA 4 L.",343.75,0,331.7,0,15,,23333,331.7,0
23334,VA12190,"COVER MASTER AZUL OLIMPIA 19 L.",1529.59,0,1475.99,0,15,,23334,1475.99,0
23335,VA12240,"COVER MASTER AZUL REAL 4 L.",343.75,0,331.7,0,15,,23335,331.7,0
23336,VA12290,"COVER MASTER AZUL REAL 19 L.",1529.59,0,1475.99,0,15,,23336,1475.99,0
23337,VA12340,"COVER MASTER NEGRO 4 L.",343.75,0,331.7,0,15,,23337,331.7,0
23338,VA12390,"COVER MASTER NEGRO 19 L.",1529.59,0,1475.99,0,15,,23338,1475.99,0
23339,VA12440,"COVER MASTER ROSA MEXICANO 4 L.",343.75,0,331.7,0,15,,23339,331.7,0
23340,VA12490,"COVER MASTER ROSA MEXICANO 19 L.",1529.59,0,1475.99,0,15,,23340,1475.99,0
23341,VA12540,"COVER MASTER VIOLETA 4 L.",343.75,0,331.7,0,15,,23341,331.7,0
23342,VA12590,"COVER MASTER VIOLETA 19 L.",1529.59,0,1475.99,0,15,,23342,1475.99,0
23343,VA12640,"COVER MASTER CONCRETO 4 L.",343.75,0,331.7,0,15,,23343,331.7,0
23344,VA12690,"COVER MASTER CONCRETO 19 L.",1529.59,0,1475.99,0,15,,23344,1475.99,0
23345,VA12740,"COVER MASTER CHAMPANA 4 L.",343.75,0,331.7,0,15,,23345,331.7,0
23346,VA12790,"COVER MASTER CHAMPANA 19 L.",1529.59,0,1475.99,0,15,,23346,1475.99,0
23349,VA12840,"COVER MASTER DURAZNO 4 L.",343.75,0,331.7,0,15,,23349,331.7,0
23350,VA12890,"COVER MASTER DURAZNO 19 L.",1529.59,0,1475.99,0,15,,23350,1475.99,0
23352,VA13040,"COVER MASTER MANDARINA 4 L.",343.75,0,331.7,0,15,,23352,331.7,0
23353,VA13090,"COVER MASTER MANDARINA 19 L.",1529.59,0,1475.99,0,15,,23353,1475.99,0
23354,VA13140,"COVER MASTER COCOA 4 L.",343.75,0,331.7,0,15,,23354,331.7,0
23355,VA13190,"COVER MASTER COCOA 19 L.",1529.59,0,1475.99,0,15,,23355,1475.99,0
23356,VA13240,"COVER MASTER AMARILLO CONCENTRADO 4 L.",343.75,0,331.7,0,15,,23356,331.7,0
23357,VA13290,"COVER MASTER AMARILLO CONCENTRADO 19 L.",1529.59,0,1475.99,0,15,,23357,1475.99,0
23358,VA13340,"COVER MASTER PINON 4 L.",343.75,0,331.7,0,15,,23358,331.7,0
23359,VA13390,"COVER MASTER PINON 19 L.",1529.59,0,1475.99,0,15,,23359,1475.99,0
23360,VA13440,"COVER MASTER NAPOLITANO 4 L.",343.75,0,331.7,0,15,,23360,331.7,0
23361,VA13490,"COVER MASTER NAPOLITANO 19 L.",1529.59,0,1475.99,0,15,,23361,1475.99,0
23362,VA13540,"COVER MASTER NARANJA CONC 4 L.",343.75,0,331.7,0,15,,23362,331.7,0
23363,VA13590,"COVER MASTER NARANJA CONC 19 L.",1529.59,0,1475.99,0,15,,23363,1475.99,0
23365,VA13640,"COVER MASTER VERDE AGUA 4 L.",343.75,0,331.7,0,15,,23365,331.7,0
23366,VA13690,"COVER MASTER VERDE AGUA 19 L.",1529.59,0,1475.99,0,15,,23366,1475.99,0
23367,VA13740,"COVER MASTER ROSA INTIMO 4 L.",343.75,0,331.7,0,15,,23367,331.7,0
23368,VA13790,"COVER MASTER ROSA INTIMO 19 L.",1529.59,0,1475.99,0,15,,23368,1475.99,0
23369,VA13840,"COVER MASTER AZUL TALAVERA 4 L.",343.75,0,331.7,0,15,,23369,331.7,0
23370,VA13890,"COVER MASTER AZUL TALAVERA 19 L.",1529.59,0,1475.99,0,15,,23370,1475.99,0
2275,VA15010,"COVER MASTER BASE PASTEL 1 L.",93.86,0,90.57,0,15,,2275,90.57,0
23371,VA15040,"COVER MASTER BASE PASTEL 4 L.",330.5,0,318.92,0,15,,23371,318.92,0
23372,VA15090,"COVER MASTER BASE PASTEL 19 L.",1466.66,0,1415.26,0,15,,23372,1415.26,0
2276,VA15110,"COVER MASTER BASE TINT 1 L.",90.87,0,87.69,0,15,,2276,87.69,0
23373,VA15140,"COVER MASTER BASE TINT 4 L.",318.55,0,307.38,0,15,,23373,307.38,0
23374,VA15190,"COVER MASTER BASE TINT 19 L.",1409.89,0,1360.48,0,15,,23374,1360.48,0
2277,VA15210,"COVER MASTER BASE DEEP 1 L.",85.17,0,82.18,0,15,,2277,82.18,0
23375,VA15240,"COVER MASTER BASE DEEP 4 L.",295.75,0,285.38,0,15,,23375,285.38,0
23376,VA15290,"COVER MASTER BASE DEEP 19 L.",1301.59,0,1255.98,0,15,,23376,1255.98,0
2278,VA15310,"COVER MASTER BASE ACCENT 1 L.",61.65,0,59.49,0,15,,2278,59.49,0
23377,VA15340,"COVER MASTER BASE ACCENT 4 L.",201.67,0,194.6,0,15,,23377,194.6,0
23378,VA15390,"COVER MASTER BASE ACCENT 19 L.",854.72,0,824.77,0,15,,23378,824.77,0
2279,VA40010,"ITP CLASSIC BLANCO 1 L.",51.68,0,49.86,0,15,,2279,49.86,0
23395,VA40040,"ITP CLASSIC BLANCO 4 L.",174,0,167.9,0,15,,23395,167.9,0
23396,VA40090,"ITP CLASSIC BLANCO 19 L.",759.19,0,732.59,0,15,,23396,732.59,0
2280,VA40110,"ITP CLASSIC PAJA 1 L.",51.68,0,49.86,0,15,,2280,49.86,0
23400,VA40140,"ITP CLASSIC PAJA 4 L.",174,0,167.9,0,15,,23400,167.9,0
23401,VA40190,"ITP CLASSIC PAJA 19 L.",759.19,0,732.59,0,15,,23401,732.59,0
2281,VA40310,"ITP CLASSIC CREMA 1 L.",51.68,0,49.86,0,15,,2281,49.86,0
23403,VA40340,"ITP CLASSIC CREMA 4 L.",174,0,167.9,0,15,,23403,167.9,0
23404,VA40390,"ITP CLASSIC CREMA 19 L.",759.19,0,732.59,0,15,,23404,732.59,0
2282,VA40510,"ITP CLASSIC OSTION 1 L.",51.68,0,49.86,0,15,,2282,49.86,0
23406,VA40540,"ITP CLASSIC OSTION 4 L.",174,0,167.9,0,15,,23406,167.9,0
23407,VA40590,"ITP CLASSIC OSTION 19 L.",759.19,0,732.59,0,15,,23407,732.59,0
2283,VA40710,"ITP CLASSIC ROSA CLARO 1 L.",51.68,0,49.86,0,15,,2283,49.86,0
23411,VA40740,"ITP CLASSIC ROSA CLARO 4 L.",174,0,167.9,0,15,,23411,167.9,0
23412,VA40790,"ITP CLASSIC ROSA CLARO 19 L.",759.19,0,732.59,0,15,,23412,732.59,0
2284,VA40810,"ITP CLASSIC AZUL CLARO 1 L.",51.68,0,49.86,0,15,,2284,49.86,0
23413,VA40840,"ITP CLASSIC AZUL CLARO 4 L.",174,0,167.9,0,15,,23413,167.9,0
23414,VA40890,"ITP CLASSIC AZUL CLARO 19 L.",759.19,0,732.59,0,15,,23414,732.59,0
2286,VA41010,"ITP CLASSIC DURAZNO 1 L.",51.68,0,49.86,0,15,,2286,49.86,0
23417,VA41040,"ITP CLASSIC DURAZNO 4 L.",174,0,167.9,0,15,,23417,167.9,0
23418,VA41090,"ITP CLASSIC DURAZNO 19 L.",759.19,0,732.59,0,15,,23418,732.59,0
2287,VA41110,"ITP CLASSIC AZUL MEDIO 1 L.",51.68,0,49.86,0,15,,2287,49.86,0
23419,VA41140,"ITP CLASSIC AZUL MEDIO 4 L.",174,0,167.9,0,15,,23419,167.9,0
23420,VA41190,"ITP CLASSIC AZUL MEDIO 19 L.",759.19,0,732.59,0,15,,23420,732.59,0
2288,VA41210,"ITP CLASSIC ARENA 1 L.",51.68,0,49.86,0,15,,2288,49.86,0
23422,VA41240,"ITP CLASSIC ARENA 4 L.",174,0,167.9,0,15,,23422,167.9,0
23423,VA41290,"ITP CLASSIC ARENA 19 L.",759.19,0,732.59,0,15,,23423,732.59,0
2289,VA41310,"ITP CLASSIC ROJO OXIDO 1 L.",51.68,0,49.86,0,15,,2289,49.86,0
23424,VA41340,"ITP CLASSIC ROJO OXIDO 4 L.",174,0,167.9,0,15,,23424,167.9,0
23425,VA41390,"ITP CLASSIC ROJO OXIDO 19 L.",759.19,0,732.59,0,15,,23425,732.59,0
2290,VA41410,"ITP CLASSIC AMARILLO OXIDO 1 L.",51.68,0,49.86,0,15,,2290,49.86,0
23426,VA41440,"ITP CLASSIC AMARILLO OXIDO 4 L.",174,0,167.9,0,15,,23426,167.9,0
23427,VA41490,"ITP CLASSIC AMARILLO OXIDO 19 L.",759.19,0,732.59,0,15,,23427,732.59,0
2291,VA41510,"ITP CLASSIC ROSA 1 L.",51.68,0,49.86,0,15,,2291,49.86,0
23428,VA41540,"ITP CLASSIC ROSA 4 L.",174,0,167.9,0,15,,23428,167.9,0
23429,VA41590,"ITP CLASSIC ROSA 19 L.",759.19,0,732.59,0,15,,23429,732.59,0
2292,VA41610,"ITP CLASSIC NEGRO 1 L.",51.68,0,49.86,0,15,,2292,49.86,0
23431,VA41640,"ITP CLASSIC NEGRO 4 L.",174,0,167.9,0,15,,23431,167.9,0
23432,VA41690,"ITP CLASSIC NEGRO 19 L.",759.19,0,732.59,0,15,,23432,732.59,0
2293,VA41710,"ITP CLASSIC LILA 1 L.",51.68,0,49.86,0,15,,2293,49.86,0
23436,VA41740,"ITP CLASSIC LILA 4 L.",174,0,167.9,0,15,,23436,167.9,0
23437,VA41790,"ITP CLASSIC LILA 19 L.",759.19,0,732.59,0,15,,23437,732.59,0
2294,VA41810,"ITP CLASSIC AZUL 1 L.",51.68,0,49.86,0,15,,2294,49.86,0
23438,VA41840,"ITP CLASSIC AZUL 4 L.",174,0,167.9,0,15,,23438,167.9,0
23439,VA41890,"ITP CLASSIC AZUL 19 L.",759.19,0,732.59,0,15,,23439,732.59,0
2295,VA41910,"ITP CLASSIC VERDE CLARO 1 L.",51.68,0,49.86,0,15,,2295,49.86,0
23440,VA41940,"ITP CLASSIC VERDE CLARO 4 L.",174,0,167.9,0,15,,23440,167.9,0
23441,VA41990,"ITP CLASSIC VERDE CLARO 19 L.",759.19,0,732.59,0,15,,23441,732.59,0
2296,VA42010,"ITP CLASSIC LILA CLARO 1 L.",51.68,0,49.86,0,15,,2296,49.86,0
23444,VA42040,"ITP CLASSIC LILA CLARO 4 L.",174,0,167.9,0,15,,23444,167.9,0
23445,VA42090,"ITP CLASSIC LILA CLARO 19 L.",759.19,0,732.59,0,15,,23445,732.59,0
2297,VA42110,"ITP CLASSIC VIOLETA 1 L.",51.68,0,49.86,0,15,,2297,49.86,0
23446,VA42140,"ITP CLASSIC VIOLETA 4 L.",174,0,167.9,0,15,,23446,167.9,0
23447,VA42190,"ITP CLASSIC VIOLETA 19 L.",759.19,0,732.59,0,15,,23447,732.59,0
2298,VA42210,"ITP CLASSIC AMARILLO NAPOLITANO 1 L.",51.68,0,49.86,0,15,,2298,49.86,0
23448,VA42240,"ITP CLASSIC AMARILLO NAPOLITANO 4 L.",174,0,167.9,0,15,,23448,167.9,0
23449,VA42290,"ITP CLASSIC AMARILLO NAPOLITANO 19 L.",759.19,0,678.32,0,15,,23449,678.32,0
2299,VA42310,"ITP CLASSIC AMARILLO LIMON 1 L.",51.68,0,49.86,0,15,,2299,49.86,0
23450,VA42340,"ITP CLASSIC AMARILLO LIMON 4 L.",174,0,167.9,0,15,,23450,167.9,0
23451,VA42390,"ITP CLASSIC AMARILLO LIMON 19 L.",759.19,0,732.59,0,15,,23451,732.59,0
2300,VA42410,"ITP CLASSIC SALMON 1 L.",51.68,0,49.86,0,15,,2300,49.86,0
23453,VA42440,"ITP CLASSIC SALMON 4 L.",174,0,167.9,0,15,,23453,167.9,0
23454,VA42490,"ITP CLASSIC SALMON 19 L.",759.19,0,732.59,0,15,,23454,732.59,0
2301,VA42510,"ITP CLASSIC TABACO 1 L.",51.68,0,49.86,0,15,,2301,49.86,0
23455,VA42540,"ITP CLASSIC TABACO 4 L.",174,0,167.9,0,15,,23455,167.9,0
23456,VA42590,"ITP CLASSIC TABACO 19 L.",759.19,0,732.59,0,15,,23456,732.59,0
2302,VA42610,"ITP CLASSIC ROJO 1 L.",51.68,0,49.86,0,15,,2302,49.86,0
23457,VA42640,"ITP CLASSIC ROJO 4 L.",174,0,167.9,0,15,,23457,167.9,0
23458,VA42690,"ITP CLASSIC ROJO 19 L.",759.19,0,732.59,0,15,,23458,732.59,0
2303,VA42710,"ITP CLASSIC NARANJA 1 L.",51.68,0,49.86,0,15,,2303,49.86,0
23459,VA42740,"ITP CLASSIC NARANJA 4 L.",174,0,167.9,0,15,,23459,167.9,0
23460,VA42790,"ITP CLASSIC NARANJA 19 L.",759.19,0,732.59,0,15,,23460,732.59,0
2304,VA42810,"ITP CLASSIC VERDE LIMA 1 L.",51.68,0,49.86,0,15,,2304,49.86,0
23461,VA42840,"ITP CLASSIC VERDE LIMA 4 L.",174,0,167.9,0,15,,23461,167.9,0
23462,VA42890,"ITP CLASSIC VERDE LIMA 19 L.",759.19,0,732.59,0,15,,23462,732.59,0
2305,VA45010,"ITP CLASSIC PASTEL 1 L.",49.91,0,48.15,0,15,,2305,48.15,0
23465,VA45040,"ITP CLASSIC PASTEL 4 L.",166.91,0,161.05,0,15,,23465,161.05,0
23466,VA45090,"ITP CLASSIC PASTEL 19 L.",725.45,0,700.02,0,15,,23466,700.02,0
2306,VA45110,"ITP CLASSIC TINT 1 L.",48.54,0,46.83,0,15,,2306,46.83,0
23467,VA45140,"ITP CLASSIC TINT 4 L.",161.43,0,155.77,0,15,,23467,155.77,0
23468,VA45190,"ITP CLASSIC TINT 19 L.",699.46,0,674.95,0,15,,23468,674.95,0
2307,VA45210,"ITP CLASSIC DEEP 1 L.",45.02,0,43.44,0,15,,2307,43.44,0
23469,VA45240,"ITP CLASSIC DEEP 4 L.",147.37,0,142.2,0,15,,23469,142.2,0
23470,VA45290,"ITP CLASSIC DEEP 19 L.",632.65,0,610.49,0,15,,23470,610.49,0
23472,VA45390,"ITP CLASSIC BASE ACCENT NUEVA 19 L.",478.26,0,427.32,0,15,,23472,427.32,0
23493,VA80040,"COLOR PRICE BLANCO 4 L.",86.47,0,77.26,0,15,,23493,77.26,0
29023,VA8004005,"BLOCK FILLER BLANCO MATE (RELLENADOR DE BLOCK) 4L",201.83,0,191.17,0,15,,29023,191.17,0
23494,VA80090,"COLOR PRICE BLANCO 19 L.",379.6,0,366.3,0,15,,23494,366.3,0
24092,VA8009005,"BLOCK FILLER BLANCO MATE (RELLENADOR DE BLOCK)",833.18,0,789.08,0,15,,24092,789.08,0
23497,VA80140,"COLOR PRICE PAJA 4 L.",86.47,0,83.4,0,15,,23497,83.4,0
23498,VA80190,"COLOR PRICE PAJA 19 L.",379.6,0,366.3,0,15,,23498,366.3,0
23500,VA80240,"COLOR PRICE AZUL CIELO NF  4 L.",86.47,0,83.4,0,15,,23500,83.4,0
23501,VA80290,"COLOR PRICE AZUL CIELO NF 19 L.",379.6,0,366.3,0,15,,23501,366.3,0
23502,VA80340,"COLOR PRICE CREMA NF 4 L.",86.47,0,83.4,0,15,,23502,83.4,0
23503,VA80390,"COLOR PRICE CREMA  NF 19 L.",379.6,0,366.3,0,15,,23503,366.3,0
23504,VA80440,"COLOR PRICE ARENA NF 4 L.",86.47,0,83.4,0,15,,23504,83.4,0
23505,VA80490,"COLOR PRICE ARENA NF 19 L.",379.6,0,366.3,0,15,,23505,366.3,0
23507,VA80640,"COLOR PRICE ROSA NF 4 L",86.47,0,83.4,0,15,,23507,83.4,0
23508,VA80690,"COLOR PRICE ROSA 19 L.",379.6,0,366.3,0,15,,23508,366.3,0
23510,VA80740,"COLOR PRICE TURQUESA NF 4 L",86.47,0,83.4,0,15,,23510,83.4,0
23511,VA80790,"COLOR PRICE TURQUESA NF 19 L",379.6,0,366.3,0,15,,23511,366.3,0
23513,VA80840,"COLOR PRICE DURAZNO NF",86.47,0,83.4,0,15,,23513,83.4,0
23514,VA80890,"COLOR PRICE DURAZNO NF",379.6,0,366.3,0,15,,23514,366.3,0
23515,VA80940,"COLOR PRICE ROJO EXTREMO NF  4 L",106.79,0,112.42,0,15,,23515,112.42,0
23516,VA80990,"COLOR PRICE ROJO EXTREMO NF 19 L",456.59,0,480.63,0,15,,23516,480.63,0
23518,VA81040,"COLOR PRICE AMARILLO COLONIAL NF 4 L",86.47,0,83.4,0,15,,23518,83.4,0
23519,VA81090,"COLOR PRICE AMARILLO COLONIAL NF 19 L",379.6,0,366.3,0,15,,23519,366.3,0
23520,VA81140,"COLOR PRICE SALMON NF 4 L",86.47,0,83.4,0,15,,23520,83.4,0
23521,VA81190,"COLOR PRICE SALMON NF 19 L",379.6,0,366.3,0,15,,23521,366.3,0
23522,VA81240,"COLOR PRICE LILA NF 4 L",86.47,0,83.4,0,15,,23522,83.4,0
23523,VA81290,"COLOR PRICE LILA NF 19L",379.6,0,366.3,0,15,,23523,366.3,0
23525,VA81440,"COLOR PRICE AMARILLO XCS 4 L.",116.49,0,112.42,0,15,,23525,112.42,0
23526,VA81490,"COLOR PRICE AMARILLO XCS 19 L.",498.09,0,480.63,0,15,,23526,480.63,0
23528,VA81540,"COLOR PRICE NARANJA XCS 4 L.",116.49,0,112.42,0,15,,23528,112.42,0
23529,VA81590,"COLOR PRICE NARANJA XCS 19 L.",498.09,0,480.63,0,15,,23529,480.63,0
23530,VA81640,"COLOR PRICE VIOLETA XCS 4 L.",116.49,0,112.42,0,15,,23530,112.42,0
23531,VA81690,"COLOR PRICE VIOLETA XCS 19 L.",498.09,0,480.63,0,15,,23531,480.63,0
23532,VA81740,"COLOR PRICE VERDE EXTREMO NF 4 L",116.49,0,112.42,0,15,,23532,112.42,0
23533,VA81790,"COLOR PRICE VERDE EXTREMO NF 19 L",498.09,0,480.63,0,15,,23533,480.63,0
23535,VA81840,"COLOR PRICE AZUL XCS 4 L.",116.49,0,112.42,0,15,,23535,112.42,0
23536,VA81890,"COLOR PRICE AZUL XCS 19 L.",498.09,0,480.63,0,15,,23536,480.63,0
23538,VA82040,"COLOR PRICE BLANCO OSTION NUEVO TORREON ) 4 L.",86.47,0,83.4,0,15,,23538,83.4,0
23539,VA82090,"COLOR PRICE BLANCO OSTION NUEVO TORREON 19 L.",379.6,0,366.3,0,15,,23539,366.3,0
23540,VA82240,"COLOR PRICE CAFE (TORREON ) 4 L.",86.47,0,83.4,0,15,,23540,83.4,0
23541,VA82290,"COLOR PRICE CAFE (TORREON) 19 L.",379.6,0,366.3,0,15,,23541,366.3,0
23542,VA82440,"COLOR PRICE PISTACHE 4 L.",86.47,0,83.4,0,15,,23542,83.4,0
23543,VA82490,"COLOR PRICE PISTACHE 19 L.",379.6,0,366.3,0,15,,23543,366.3,0
23544,VA82840,"COLOR PRICE ROJO OXIDO 4 L.",86.47,0,83.4,0,15,,23544,83.4,0
23545,VA82890,"COLOR PRICE ROJO OXIDO 19 L.",379.6,0,366.3,0,15,,23545,366.3,0
23547,VA83040,"COLOR PRICE OCRE 4 L.",86.47,0,83.4,0,15,,23547,83.4,0
23548,VA83090,"COLOR PRICE OCRE 19 L.",379.6,0,366.3,0,15,,23548,366.3,0
23550,VA83240,"COLOR PRICE MANDARINA NF 4 L",86.47,0,83.4,0,15,,23550,83.4,0
23551,VA83290,"COLOR PRICE MANDARINA 19 L",379.6,0,366.3,0,15,,23551,366.3,0
23552,VA83440,"COLOR PRICE VERDE NATURAL NF 4 L",86.47,0,83.4,0,15,,23552,83.4,0
23553,VA83490,"COLOR PRICE VERDE NATURAL NF 19 L",379.6,0,366.3,0,15,,23553,366.3,0
23555,VA90040,"ACUACOVER BLANCO 4 L.",155.56,0,150.11,0,15,,23555,150.11,0
23556,VA90090,"ACUACOVER BLANCO 19 L.",618.94,0,597.24,0,15,,23556,597.24,0
23558,VA90140,"ACUACOVER PAJA 4 L.",155.56,0,150.11,0,15,,23558,150.11,0
23559,VA90190,"ACUACOVER PAJA 19 L.",618.94,0,597.24,0,15,,23559,597.24,0
23561,VA90240,"ACUACOVER ARENA 4 L.",155.56,0,150.11,0,15,,23561,150.11,0
23562,VA90290,"ACUACOVER ARENA 19 L.",618.94,0,597.24,0,15,,23562,597.24,0
23563,VA90340,"ACUACOVER CHABACANO 4 L.",155.56,0,150.11,0,15,,23563,150.11,0
23564,VA90390,"ACUACOVER CHABACANO 19 L.",618.94,0,597.24,0,15,,23564,597.24,0
23565,VA90440,"ACUACOVER VERDE LIMA 4 L.",155.56,0,150.11,0,15,,23565,150.11,0
23566,VA90490,"ACUACOVER VERDE LIMA 19 L.",618.94,0,597.04,0,15,,23566,597.04,0
23567,VA90540,"ACUACOVER LILA 4 L.",155.56,0,150.11,0,15,,23567,150.11,0
23568,VA90590,"ACUACOVER LILA 19 L.",618.94,0,597.24,0,15,,23568,597.24,0
23569,VA90740,"ACUACOVER TURQUESA 4 L.",155.56,0,150.11,0,15,,23569,150.11,0
23570,VA90790,"ACUACOVER TURQUESA 19 L.",618.94,0,597.24,0,15,,23570,597.24,0
23572,VA90840,"ACUACOVER SALMON 4 L.",155.56,0,150.11,0,15,,23572,150.11,0
23573,VA90890,"ACUACOVER SALMON 19 L.",618.94,0,597.24,0,15,,23573,597.24,0
23574,VA91040,"ACUACOVER NARANJA MC 4 L.",155.56,0,150.11,0,15,,23574,150.11,0
23575,VA91090,"ACUACOVER NARANJA 19 L.",618.94,0,597.24,0,15,,23575,597.24,0
23576,VA91140,"ACUACOVER FLAMINGO 4 L.",155.56,0,150.11,0,15,,23576,150.11,0
23577,VA91190,"ACUACOVER FLAMINGO 19 L.",618.94,0,597.24,0,15,,23577,597.24,0
23578,VA91240,"ACUACOVER MANDARINA 4 L.",155.56,0,150.11,0,15,,23578,150.11,0
23579,VA91290,"ACUACOVER MANDARINA 19 L.",618.94,0,597.24,0,15,,23579,597.24,0
23580,VA91340,"ACUACOVER CIELO 4 L.",155.56,0,150.11,0,15,,23580,150.11,0
23581,VA91390,"ACUACOVER CIELO 19 L.",618.94,0,597.24,0,15,,23581,597.24,0
23582,VA91540,"ACUACOVER AZUL INTENSO 4 L.",155.56,0,150.11,0,15,,23582,150.11,0
23583,VA91590,"ACUACOVER AZUL INTENSO 19 L.",618.94,0,597.24,0,15,,23583,597.24,0
23584,VA91640,"ACUACOVER AZUL MEDIO 4 L.",155.56,0,150.11,0,15,,23584,150.11,0
23585,VA91690,"ACUACOVER AZUL MEDIO 19 L.",618.94,0,597.24,0,15,,23585,597.24,0
23586,VA91740,"ACUACOVER VERDE INTENSO MC  4 L.",155.56,0,150.11,0,15,,23586,150.11,0
23587,VA91790,"ACUACOVER VERDE INTENSO MC  19 L.",618.94,0,597.24,0,15,,23587,597.24,0
23588,VA91840,"ACUACOVER CANTERA 4 L.",155.56,0,150.11,0,15,,23588,150.11,0
23589,VA91890,"ACUACOVER CANTERA 19 L.",618.94,0,597.24,0,15,,23589,597.24,0
23590,VA91940,"ACUACOVER PERLA 4 L.",155.56,0,150.11,0,15,,23590,150.11,0
23591,VA91990,"ACUACOVER PERLA 19 L.",618.94,0,597.24,0,15,,23591,597.24,0
23594,VA92140,"ACUACOVER ATARDECER 4 L.",155.56,0,150.11,0,15,,23594,150.11,0
23595,VA92190,"ACUACOVER ATARDECER 19 L.",618.94,0,597.24,0,15,,23595,597.24,0
23596,VA92240,"ACUACOVER COCOA 4 L.",155.56,0,150.11,0,15,,23596,150.11,0
23597,VA92290,"ACUACOVER COCOA 19 L.",618.94,0,597.24,0,15,,23597,597.24,0
23598,VA92340,"ACUACOVER ROJO OXIDO 4 L.",155.56,0,150.11,0,15,,23598,150.11,0
23599,VA92390,"ACUACOVER ROJO OXIDO 19 L.",618.94,0,597.24,0,15,,23599,597.24,0
23600,VA92440,"ACUACOVER PINON 4 L.",155.56,0,150.11,0,15,,23600,150.11,0
23601,VA92490,"ACUACOVER PINON 19 L.",618.94,0,597.24,0,15,,23601,597.24,0
23602,VA92540,"ACUACOVER CORAL 4 L.",155.56,0,150.11,0,15,,23602,150.11,0
23603,VA92590,"ACUACOVER CORAL 19 L.",618.94,0,597.24,0,15,,23603,597.24,0
23604,VA92640,"ACUACOVER VIOLETA 4 L.",155.56,0,150.11,0,15,,23604,150.11,0
23605,VA92690,"ACUACOVER VIOLETA 19 L.",618.94,0,597.24,0,15,,23605,597.24,0
23606,VA92740,"ACUACOVER ROJO INTENSO MC 4 L.",155.56,0,150.11,0,15,,23606,150.11,0
23607,VA92790,"ACUACOVER ROJO INTENSO MC 19 L.",618.94,0,597.24,0,15,,23607,597.24,0
23608,VA92840,"ACUACOVER MOSTAZA 4 L.",155.56,0,150.11,0,15,,23608,150.11,0
23609,VA92890,"ACUACOVER MOSTAZA 19 L.",618.94,0,597.24,0,15,,23609,597.24,0
23610,VA92940,"ACUACOVER AMARILLO INTENSO 4 L.",155.56,0,150.11,0,15,,23610,150.11,0
23611,VA92990,"ACUACOVER AMARILLO INTENSO 19 L.",618.94,0,597.24,0,15,,23611,597.24,0
23613,VA93040,"ACUACOVER MARFIL 4 L.",155.56,0,150.11,0,15,,23613,150.11,0
23614,VA93090,"ACUACOVER MARFIL 19 L.",618.94,0,597.24,0,15,,23614,597.24,0
23616,VA95040,"ACUACOVER BASE PASTEL 4 L.",149.87,0,144.61,0,15,,23616,144.61,0
23617,VA95090,"ACUACOVER BASE PASTEL 19 L.",591.87,0,571.12,0,15,,23617,571.12,0
23618,VA95140,"ACUACOVER BASE TINT 4 L.",146.28,0,141.14,0,15,,23618,141.14,0
23619,VA95190,"ACUACOVER BASE TINT NUEVA 19 L.",574.83,0,554.67,0,15,,23619,554.67,0
27744,HA1554005,"PINTURA TRAFICO BLANCA MPO",330.18,0,313.6,0,15,,27744,313.6,0
27740,HA1559005,"PINTURA TRAFICO BLANCA MPO",1484.96,0,1489.6,0,15,,27740,1489.6,0
27738,HA1564007,"PINTURA TRAFICO AMARILLA MPO",330.18,0,313.6,0,15,,27738,313.6,0
27737,HA1569007,"PINTURA TRAFICO AMARILLA MPO",1484.96,0,1489.6,0,15,,27737,1489.6,0
